shop,year,month,week,day,total_items_sold
online,1970,1,1,0,298
physical,2019,1,1,1546300800000,2
physical,2019,1,1,1546387200000,4
physical,2019,1,1,1546473600000,3
physical,2019,1,1,1546560000000,2
physical,2019,1,1,1546646400000,3
physical,2019,1,1,1546732800000,3
physical,2019,1,2,1546819200000,3
physical,2019,1,2,1546905600000,3
physical,2019,1,2,1547078400000,4
physical,2019,1,2,1547164800000,4
physical,2019,1,2,1547251200000,2
physical,2019,1,2,1547337600000,1
physical,2019,1,3,1547424000000,3
physical,2019,1,3,1547510400000,2
physical,2019,1,3,1547683200000,6
physical,2019,1,3,1547769600000,2
physical,2019,1,3,1547942400000,6
physical,2019,1,4,1548028800000,12
physical,2019,1,4,1548115200000,8
physical,2019,1,4,1548201600000,2
physical,2019,1,4,1548288000000,2
physical,2019,1,4,1548374400000,2
physical,2019,1,4,1548460800000,3
physical,2019,1,4,1548547200000,1
physical,2019,1,5,1548633600000,7
physical,2019,1,5,1548720000000,1
physical,2019,1,5,1548806400000,8
physical,2019,1,5,1548892800000,3
physical,2019,2,5,1549065600000,3
physical,2019,2,5,1549152000000,10
physical,2019,2,6,1549238400000,6
physical,2019,2,6,1549324800000,5
physical,2019,2,6,1549411200000,3
physical,2019,2,6,1549497600000,8
physical,2019,2,6,1549584000000,1
physical,2019,2,6,1549670400000,4
physical,2019,2,6,1549756800000,8
physical,2019,2,7,1549843200000,3
physical,2019,2,7,1549929600000,3
physical,2019,2,7,1550016000000,2
physical,2019,2,7,1550102400000,5
physical,2019,2,7,1550188800000,7
physical,2019,2,7,1550275200000,2
physical,2019,2,7,1550361600000,3
physical,2019,2,8,1550448000000,5
physical,2019,2,8,1550534400000,1
physical,2019,2,8,1550620800000,1
physical,2019,2,8,1550793600000,8
physical,2019,2,8,1550880000000,3
physical,2019,2,8,1550966400000,7
physical,2019,2,9,1551052800000,10
physical,2019,2,9,1551139200000,1
physical,2019,2,9,1551225600000,3
physical,2019,2,9,1551312000000,4
physical,2019,3,9,1551484800000,1
physical,2019,3,9,1551571200000,8
physical,2019,3,10,1551657600000,2
physical,2019,3,10,1551830400000,3
physical,2019,3,10,1551916800000,7
physical,2019,3,10,1552089600000,6
physical,2019,3,10,1552176000000,7
physical,2019,3,11,1552262400000,2
physical,2019,3,11,1552348800000,6
physical,2019,3,11,1552435200000,2
physical,2019,3,11,1552521600000,7
physical,2019,3,11,1552608000000,4
physical,2019,3,11,1552694400000,4
physical,2019,3,12,1552867200000,1
physical,2019,3,12,1553126400000,4
physical,2019,3,12,1553299200000,4
physical,2019,3,12,1553385600000,3
physical,2019,3,13,1553472000000,3
physical,2019,3,13,1553558400000,2
physical,2019,3,13,1553644800000,3
physical,2019,3,13,1553731200000,2
physical,2019,3,13,1553817600000,6
physical,2019,3,13,1553904000000,3
physical,2019,4,14,1554076800000,7
physical,2019,4,14,1554163200000,6
physical,2019,4,14,1554249600000,8
physical,2019,4,14,1554336000000,3
physical,2019,4,14,1554422400000,4
physical,2019,4,14,1554508800000,5
physical,2019,4,14,1554595200000,10
physical,2019,4,15,1554681600000,2
physical,2019,4,15,1554768000000,5
physical,2019,4,15,1554940800000,3
physical,2019,4,15,1555027200000,3
physical,2019,4,15,1555113600000,3
physical,2019,4,15,1555200000000,4
physical,2019,4,16,1555372800000,3
physical,2019,4,16,1555459200000,2
physical,2019,4,16,1555718400000,2
physical,2019,4,16,1555804800000,3
physical,2019,4,17,1555891200000,4
physical,2019,4,17,1555977600000,3
physical,2019,4,17,1556064000000,1
physical,2019,4,17,1556150400000,7
physical,2019,4,17,1556236800000,7
physical,2019,4,17,1556323200000,7
physical,2019,4,17,1556409600000,3
physical,2019,4,18,1556496000000,11
physical,2019,4,18,1556582400000,2
physical,2019,5,18,1556668800000,11
physical,2019,5,18,1556755200000,7
physical,2019,5,18,1556841600000,3
physical,2019,5,18,1556928000000,2
physical,2019,5,18,1557014400000,2
physical,2019,5,19,1557187200000,3
physical,2019,5,19,1557273600000,3
physical,2019,5,19,1557360000000,12
physical,2019,5,19,1557446400000,5
physical,2019,5,19,1557532800000,4
physical,2019,5,20,1557705600000,7
physical,2019,5,20,1557792000000,8
physical,2019,5,20,1557878400000,4
physical,2019,5,20,1557964800000,4
physical,2019,5,20,1558051200000,5
physical,2019,5,20,1558224000000,1
physical,2019,5,21,1558310400000,4
physical,2019,5,21,1558396800000,1
physical,2019,5,21,1558483200000,8
physical,2019,5,21,1558569600000,2
physical,2019,5,21,1558742400000,1
physical,2019,5,21,1558828800000,7
physical,2019,5,22,1558915200000,7
physical,2019,5,22,1559001600000,6
physical,2019,5,22,1559088000000,3
physical,2019,5,22,1559174400000,5
physical,2019,5,22,1559260800000,2
physical,2019,6,22,1559347200000,6
physical,2019,6,22,1559433600000,3
physical,2019,6,23,1559520000000,4
physical,2019,6,23,1559606400000,5
physical,2019,6,23,1559692800000,12
physical,2019,6,23,1559779200000,10
physical,2019,6,23,1559865600000,4
physical,2019,6,23,1559952000000,7
physical,2019,6,23,1560038400000,4
physical,2019,6,24,1560124800000,5
physical,2019,6,24,1560211200000,3
physical,2019,6,24,1560297600000,9
physical,2019,6,24,1560384000000,8
physical,2019,6,24,1560470400000,2
physical,2019,6,24,1560556800000,3
physical,2019,6,24,1560643200000,5
physical,2019,6,25,1560729600000,2
physical,2019,6,25,1560902400000,7
physical,2019,6,25,1560988800000,6
physical,2019,6,25,1561075200000,3
physical,2019,6,25,1561161600000,4
physical,2019,6,25,1561248000000,3
physical,2019,6,26,1561334400000,3
physical,2019,6,26,1561420800000,2
physical,2019,6,26,1561507200000,6
physical,2019,6,26,1561593600000,2
physical,2019,6,26,1561680000000,4
physical,2019,6,26,1561766400000,4
physical,2019,6,26,1561852800000,3
physical,2019,7,27,1561939200000,6
physical,2019,7,27,1562025600000,3
physical,2019,7,27,1562112000000,5
physical,2019,7,27,1562198400000,1
physical,2019,7,27,1562371200000,3
physical,2019,7,27,1562457600000,2
physical,2019,7,28,1562544000000,4
physical,2019,7,28,1562630400000,4
physical,2019,7,28,1562889600000,4
physical,2019,7,28,1562976000000,4
physical,2019,7,28,1563062400000,3
physical,2019,7,29,1563148800000,6
physical,2019,7,29,1563235200000,5
physical,2019,7,29,1563321600000,9
physical,2019,7,29,1563408000000,7
physical,2019,7,29,1563494400000,6
physical,2019,7,29,1563580800000,4
physical,2019,7,29,1563667200000,5
physical,2019,7,30,1563753600000,5
physical,2019,7,30,1563840000000,10
physical,2019,7,30,1563926400000,5
physical,2019,7,30,1564012800000,14
physical,2019,7,30,1564185600000,5
physical,2019,7,30,1564272000000,8
physical,2019,7,31,1564358400000,2
physical,2019,8,31,1564617600000,3
physical,2019,8,31,1564704000000,3
physical,2019,8,31,1564790400000,10
physical,2019,8,31,1564876800000,3
physical,2019,8,32,1564963200000,1
physical,2019,8,32,1565049600000,3
physical,2019,8,32,1565136000000,3
physical,2019,8,32,1565222400000,2
physical,2019,8,32,1565308800000,5
physical,2019,8,32,1565395200000,3
physical,2019,8,32,1565481600000,12
physical,2019,8,33,1565568000000,3
physical,2019,8,33,1565654400000,8
physical,2019,8,33,1565740800000,15
physical,2019,8,33,1565827200000,7
physical,2019,8,33,1565913600000,3
physical,2019,8,33,1566000000000,12
physical,2019,8,34,1566172800000,3
physical,2019,8,34,1566259200000,3
physical,2019,8,34,1566345600000,1
physical,2019,8,34,1566432000000,1
physical,2019,8,34,1566518400000,3
physical,2019,8,34,1566691200000,12
physical,2019,8,35,1566777600000,3
physical,2019,8,35,1566864000000,9
physical,2019,8,35,1566950400000,2
physical,2019,8,35,1567036800000,1
physical,2019,8,35,1567123200000,5
physical,2019,8,35,1567209600000,6
physical,2019,9,35,1567296000000,5
physical,2019,9,36,1567382400000,4
physical,2019,9,36,1567468800000,3
physical,2019,9,36,1567555200000,4
physical,2019,9,36,1567641600000,4
physical,2019,9,36,1567900800000,4
physical,2019,9,37,1567987200000,2
physical,2019,9,37,1568073600000,5
physical,2019,9,37,1568160000000,9
physical,2019,9,37,1568246400000,1
physical,2019,9,37,1568505600000,2
physical,2019,9,38,1568592000000,7
physical,2019,9,38,1568678400000,2
physical,2019,9,38,1568764800000,6
physical,2019,9,38,1568851200000,3
physical,2019,9,38,1568937600000,3
physical,2019,9,38,1569024000000,1
physical,2019,9,38,1569110400000,9
physical,2019,9,39,1569196800000,3
physical,2019,9,39,1569283200000,5
physical,2019,9,39,1569369600000,12
physical,2019,9,39,1569456000000,1
physical,2019,9,39,1569542400000,1
physical,2019,9,39,1569628800000,1
physical,2019,9,39,1569715200000,8
physical,2019,10,40,1569888000000,5
physical,2019,10,40,1569974400000,4
physical,2019,10,40,1570060800000,1
physical,2019,10,40,1570147200000,7
physical,2019,10,40,1570233600000,2
physical,2019,10,41,1570406400000,5
physical,2019,10,41,1570579200000,3
physical,2019,10,41,1570665600000,6
physical,2019,10,41,1570752000000,12
physical,2019,10,41,1570838400000,1
physical,2019,10,41,1570924800000,1
physical,2019,10,42,1571097600000,1
physical,2019,10,42,1571184000000,7
physical,2019,10,42,1571270400000,7
physical,2019,10,42,1571356800000,1
physical,2019,10,42,1571443200000,3
physical,2019,10,42,1571529600000,5
physical,2019,10,43,1571616000000,1
physical,2019,10,43,1571702400000,3
physical,2019,10,43,1571788800000,5
physical,2019,10,43,1571875200000,3
physical,2019,10,43,1571961600000,7
physical,2019,10,43,1572048000000,5
physical,2019,10,43,1572134400000,6
physical,2019,10,44,1572220800000,7
physical,2019,10,44,1572307200000,5
physical,2019,10,44,1572393600000,7
physical,2019,11,44,1572566400000,1
physical,2019,11,44,1572652800000,6
physical,2019,11,44,1572739200000,1
physical,2019,11,45,1572825600000,5
physical,2019,11,45,1572912000000,1
physical,2019,11,45,1572998400000,3
physical,2019,11,45,1573171200000,7
physical,2019,11,45,1573257600000,4
physical,2019,11,45,1573344000000,1
physical,2019,11,46,1573430400000,3
physical,2019,11,46,1573516800000,6
physical,2019,11,46,1573603200000,5
physical,2019,11,46,1573689600000,2
physical,2019,11,46,1573776000000,1
physical,2019,11,46,1573948800000,1
physical,2019,11,47,1574035200000,1
physical,2019,11,47,1574121600000,5
physical,2019,11,47,1574208000000,6
physical,2019,11,47,1574294400000,5
physical,2019,11,47,1574380800000,4
physical,2019,11,47,1574553600000,2
physical,2019,11,48,1574640000000,3
physical,2019,11,48,1574726400000,4
physical,2019,11,48,1574812800000,3
physical,2019,11,48,1574899200000,2
physical,2019,11,48,1574985600000,5
physical,2019,12,1,1577664000000,10
physical,2019,12,1,1577750400000,2
physical,2019,12,48,1575158400000,2
physical,2019,12,49,1575244800000,3
physical,2019,12,49,1575417600000,3
physical,2019,12,49,1575504000000,5
physical,2019,12,49,1575590400000,7
physical,2019,12,49,1575676800000,11
physical,2019,12,49,1575763200000,5
physical,2019,12,50,1575849600000,8
physical,2019,12,50,1575936000000,5
physical,2019,12,50,1576108800000,3
physical,2019,12,50,1576195200000,7
physical,2019,12,50,1576281600000,2
physical,2019,12,50,1576368000000,11
physical,2019,12,51,1576540800000,2
physical,2019,12,51,1576627200000,12
physical,2019,12,51,1576713600000,5
physical,2019,12,51,1576886400000,2
physical,2019,12,52,1577059200000,3
physical,2019,12,52,1577232000000,3
physical,2019,12,52,1577318400000,6
physical,2019,12,52,1577491200000,8
physical,2019,12,52,1577577600000,2
physical,2020,1,1,1577836800000,7
physical,2020,1,1,1577923200000,2
physical,2020,1,1,1578009600000,6
physical,2020,1,1,1578096000000,4
physical,2020,1,1,1578182400000,2
physical,2020,1,2,1578355200000,4
physical,2020,1,2,1578441600000,2
physical,2020,1,2,1578528000000,3
physical,2020,1,2,1578614400000,10
physical,2020,1,2,1578700800000,4
physical,2020,1,2,1578787200000,2
physical,2020,1,3,1578873600000,6
physical,2020,1,3,1578960000000,3
physical,2020,1,3,1579046400000,5
physical,2020,1,3,1579132800000,10
physical,2020,1,3,1579219200000,3
physical,2020,1,3,1579305600000,2
physical,2020,1,4,1579478400000,3
physical,2020,1,4,1579564800000,8
physical,2020,1,4,1579651200000,8
physical,2020,1,4,1579737600000,2
physical,2020,1,4,1579824000000,1
physical,2020,1,4,1579910400000,3
physical,2020,1,4,1579996800000,4
physical,2020,1,5,1580083200000,5
physical,2020,1,5,1580169600000,2
physical,2020,1,5,1580256000000,3
physical,2020,1,5,1580342400000,7
physical,2020,1,5,1580428800000,4
physical,2020,2,5,1580515200000,14
physical,2020,2,5,1580601600000,3
physical,2020,2,6,1580688000000,5
physical,2020,2,6,1580860800000,8
physical,2020,2,6,1580947200000,9
physical,2020,2,6,1581033600000,3
physical,2020,2,6,1581120000000,8
physical,2020,2,6,1581206400000,7
physical,2020,2,7,1581292800000,3
physical,2020,2,7,1581379200000,7
physical,2020,2,7,1581465600000,2
physical,2020,2,7,1581552000000,2
physical,2020,2,7,1581638400000,3
physical,2020,2,7,1581724800000,7
physical,2020,2,8,1581897600000,8
physical,2020,2,8,1581984000000,11
physical,2020,2,8,1582070400000,1
physical,2020,2,8,1582156800000,5
physical,2020,2,8,1582243200000,1
physical,2020,2,8,1582329600000,5
physical,2020,2,8,1582416000000,7
physical,2020,2,9,1582502400000,7
physical,2020,2,9,1582588800000,4
physical,2020,2,9,1582675200000,9
physical,2020,2,9,1582761600000,6
physical,2020,2,9,1582848000000,4
physical,2020,2,9,1582934400000,1
physical,2020,3,9,1583020800000,4
physical,2020,3,10,1583107200000,6
physical,2020,3,10,1583280000000,3
physical,2020,3,10,1583366400000,2
physical,2020,3,10,1583452800000,2
physical,2020,3,10,1583539200000,7
physical,2020,3,10,1583625600000,5
physical,2020,3,11,1583798400000,8
physical,2020,3,11,1583884800000,3
physical,2020,3,11,1583971200000,1
physical,2020,3,11,1584057600000,10
physical,2020,3,11,1584230400000,1
physical,2020,3,12,1584316800000,11
physical,2020,3,12,1584403200000,3
physical,2020,3,12,1584576000000,4
physical,2020,3,12,1584662400000,9
physical,2020,3,12,1584748800000,2
physical,2020,3,12,1584835200000,1
physical,2020,3,13,1584921600000,1
physical,2020,3,13,1585008000000,2
physical,2020,3,13,1585094400000,10
physical,2020,3,13,1585180800000,2
physical,2020,3,13,1585267200000,12
physical,2020,3,13,1585353600000,3
physical,2020,3,14,1585526400000,3
physical,2020,3,14,1585612800000,7
physical,2020,4,14,1585699200000,3
physical,2020,4,14,1585785600000,9
physical,2020,4,14,1585872000000,3
physical,2020,4,14,1585958400000,5
physical,2020,4,14,1586044800000,5
physical,2020,4,15,1586131200000,5
physical,2020,4,15,1586217600000,4
physical,2020,4,15,1586304000000,3
physical,2020,4,15,1586390400000,3
physical,2020,4,15,1586476800000,5
physical,2020,4,15,1586563200000,6
physical,2020,4,15,1586649600000,3
physical,2020,4,16,1586736000000,3
physical,2020,4,16,1586822400000,1
physical,2020,4,16,1586908800000,3
physical,2020,4,16,1586995200000,2
physical,2020,4,16,1587081600000,3
physical,2020,4,16,1587254400000,4
physical,2020,4,17,1587340800000,3
physical,2020,4,17,1587427200000,5
physical,2020,4,17,1587513600000,5
physical,2020,4,17,1587686400000,1
physical,2020,4,17,1587859200000,8
physical,2020,4,18,1587945600000,5
physical,2020,4,18,1588032000000,6
physical,2020,4,18,1588118400000,3
physical,2020,4,18,1588204800000,6
physical,2020,5,18,1588291200000,9
physical,2020,5,18,1588377600000,11
physical,2020,5,18,1588464000000,4
physical,2020,5,19,1588550400000,1
physical,2020,5,19,1588723200000,5
physical,2020,5,19,1588809600000,11
physical,2020,5,19,1588896000000,6
physical,2020,5,19,1589068800000,5
physical,2020,5,20,1589155200000,4
physical,2020,5,20,1589241600000,5
physical,2020,5,20,1589328000000,4
physical,2020,5,20,1589414400000,5
physical,2020,5,20,1589500800000,3
physical,2020,5,20,1589587200000,3
physical,2020,5,20,1589673600000,3
physical,2020,5,21,1589760000000,1
physical,2020,5,21,1589846400000,4
physical,2020,5,21,1589932800000,2
physical,2020,5,21,1590019200000,3
physical,2020,5,21,1590105600000,2
physical,2020,5,21,1590192000000,5
physical,2020,5,21,1590278400000,10
physical,2020,5,22,1590364800000,7
physical,2020,5,22,1590451200000,2
physical,2020,5,22,1590537600000,6
physical,2020,5,22,1590624000000,9
physical,2020,5,22,1590796800000,3
physical,2020,6,23,1590969600000,5
physical,2020,6,23,1591056000000,2
physical,2020,6,23,1591142400000,9
physical,2020,6,23,1591228800000,3
physical,2020,6,23,1591401600000,4
physical,2020,6,23,1591488000000,7
physical,2020,6,24,1591574400000,4
physical,2020,6,24,1591660800000,6
physical,2020,6,24,1591747200000,4
physical,2020,6,24,1591833600000,3
physical,2020,6,24,1591920000000,1
physical,2020,6,24,1592006400000,2
physical,2020,6,25,1592179200000,3
physical,2020,6,25,1592265600000,2
physical,2020,6,25,1592352000000,2
physical,2020,6,25,1592438400000,13
physical,2020,6,25,1592524800000,6
physical,2020,6,25,1592611200000,2
physical,2020,6,25,1592697600000,3
physical,2020,6,26,1592784000000,7
physical,2020,6,26,1592870400000,2
physical,2020,6,26,1593043200000,7
physical,2020,6,26,1593129600000,11
physical,2020,6,26,1593216000000,8
physical,2020,6,26,1593302400000,4
physical,2020,6,27,1593388800000,2
physical,2020,6,27,1593475200000,5
physical,2020,7,27,1593561600000,1
physical,2020,7,27,1593648000000,16
physical,2020,7,27,1593734400000,2
physical,2020,7,27,1593820800000,2
physical,2020,7,27,1593907200000,3
physical,2020,7,28,1594080000000,5
physical,2020,7,28,1594166400000,5
physical,2020,7,28,1594252800000,4
physical,2020,7,28,1594339200000,3
physical,2020,7,28,1594425600000,2
physical,2020,7,28,1594512000000,2
physical,2020,7,29,1594598400000,7
physical,2020,7,29,1594684800000,8
physical,2020,7,29,1594771200000,4
physical,2020,7,29,1594857600000,2
physical,2020,7,29,1594944000000,6
physical,2020,7,29,1595030400000,6
physical,2020,7,30,1595203200000,2
physical,2020,7,30,1595289600000,7
physical,2020,7,30,1595376000000,2
physical,2020,7,30,1595462400000,2
physical,2020,7,30,1595548800000,8
physical,2020,7,30,1595721600000,3
physical,2020,7,31,1595808000000,4
physical,2020,7,31,1595894400000,7
physical,2020,7,31,1595980800000,4
physical,2020,7,31,1596067200000,5
physical,2020,8,31,1596240000000,10
physical,2020,8,31,1596326400000,3
physical,2020,8,32,1596412800000,3
physical,2020,8,32,1596499200000,8
physical,2020,8,32,1596585600000,14
physical,2020,8,32,1596672000000,11
physical,2020,8,32,1596758400000,8
physical,2020,8,32,1596844800000,3
physical,2020,8,32,1596931200000,3
physical,2020,8,33,1597017600000,3
physical,2020,8,33,1597104000000,2
physical,2020,8,33,1597190400000,3
physical,2020,8,33,1597276800000,3
physical,2020,8,33,1597363200000,3
physical,2020,8,33,1597449600000,5
physical,2020,8,34,1597622400000,5
physical,2020,8,34,1597795200000,11
physical,2020,8,34,1597881600000,1
physical,2020,8,34,1597968000000,2
physical,2020,8,34,1598054400000,13
physical,2020,8,35,1598227200000,8
physical,2020,8,35,1598313600000,4
physical,2020,8,35,1598400000000,11
physical,2020,8,35,1598486400000,5
physical,2020,8,35,1598572800000,3
physical,2020,8,35,1598659200000,1
physical,2020,8,35,1598745600000,13
physical,2020,8,36,1598832000000,11
physical,2020,9,36,1598918400000,7
physical,2020,9,36,1599004800000,7
physical,2020,9,36,1599091200000,2
physical,2020,9,36,1599177600000,3
physical,2020,9,36,1599350400000,6
physical,2020,9,37,1599436800000,6
physical,2020,9,37,1599523200000,3
physical,2020,9,37,1599609600000,9
physical,2020,9,37,1599696000000,5
physical,2020,9,37,1599868800000,2
physical,2020,9,37,1599955200000,12
physical,2020,9,38,1600041600000,1
physical,2020,9,38,1600128000000,3
physical,2020,9,38,1600214400000,10
physical,2020,9,38,1600300800000,3
physical,2020,9,38,1600387200000,3
physical,2020,9,38,1600473600000,5
physical,2020,9,38,1600560000000,8
physical,2020,9,39,1600646400000,3
physical,2020,9,39,1600732800000,8
physical,2020,9,39,1600905600000,5
physical,2020,9,39,1600992000000,6
physical,2020,9,39,1601078400000,6
physical,2020,9,39,1601164800000,6
physical,2020,9,40,1601251200000,7
physical,2020,9,40,1601337600000,3
physical,2020,9,40,1601424000000,5
physical,2020,10,40,1601510400000,5
physical,2020,10,40,1601596800000,3
physical,2020,10,40,1601683200000,10
physical,2020,10,40,1601769600000,4
physical,2020,10,41,1601856000000,1
physical,2020,10,41,1601942400000,10
physical,2020,10,41,1602115200000,8
physical,2020,10,41,1602201600000,4
physical,2020,10,41,1602288000000,6
physical,2020,10,41,1602374400000,3
physical,2020,10,42,1602460800000,3
physical,2020,10,42,1602547200000,2
physical,2020,10,42,1602720000000,6
physical,2020,10,42,1602806400000,5
physical,2020,10,42,1602892800000,2
physical,2020,10,42,1602979200000,4
physical,2020,10,43,1603065600000,4
physical,2020,10,43,1603152000000,4
physical,2020,10,43,1603238400000,3
physical,2020,10,43,1603324800000,2
physical,2020,10,43,1603411200000,2
physical,2020,10,43,1603497600000,4
physical,2020,10,43,1603584000000,6
physical,2020,10,44,1603670400000,4
physical,2020,10,44,1603756800000,6
physical,2020,10,44,1604016000000,7
physical,2020,10,44,1604102400000,12
physical,2020,11,44,1604188800000,4
physical,2020,11,45,1604275200000,9
physical,2020,11,45,1604361600000,6
physical,2020,11,45,1604620800000,3
physical,2020,11,45,1604707200000,5
physical,2020,11,45,1604793600000,4
physical,2020,11,46,1604880000000,1
physical,2020,11,46,1604966400000,6
physical,2020,11,46,1605052800000,4
physical,2020,11,46,1605225600000,9
physical,2020,11,46,1605312000000,10
physical,2020,11,46,1605398400000,12
physical,2020,11,47,1605484800000,6
physical,2020,11,47,1605657600000,2
physical,2020,11,47,1605744000000,12
physical,2020,11,47,1605830400000,9
physical,2020,11,47,1605916800000,8
physical,2020,11,47,1606003200000,9
physical,2020,11,48,1606089600000,1
physical,2020,11,48,1606176000000,8
physical,2020,11,48,1606262400000,9
physical,2020,11,48,1606348800000,3
physical,2020,11,48,1606435200000,3
physical,2020,11,48,1606521600000,3
physical,2020,11,49,1606694400000,4
physical,2020,12,49,1606780800000,1
physical,2020,12,49,1606867200000,12
physical,2020,12,49,1606953600000,3
physical,2020,12,49,1607040000000,6
physical,2020,12,49,1607126400000,4
physical,2020,12,49,1607212800000,4
physical,2020,12,50,1607299200000,3
physical,2020,12,50,1607472000000,6
physical,2020,12,50,1607644800000,6
physical,2020,12,50,1607731200000,2
physical,2020,12,50,1607817600000,12
physical,2020,12,51,1607904000000,1
physical,2020,12,51,1607990400000,2
physical,2020,12,51,1608076800000,3
physical,2020,12,51,1608163200000,3
physical,2020,12,51,1608249600000,3
physical,2020,12,51,1608336000000,3
physical,2020,12,52,1608508800000,4
physical,2020,12,52,1608595200000,3
physical,2020,12,52,1608681600000,4
physical,2020,12,52,1608768000000,3
physical,2020,12,52,1608854400000,3
physical,2020,12,52,1609027200000,5
physical,2020,12,53,1609113600000,4
physical,2020,12,53,1609200000000,2
physical,2020,12,53,1609286400000,6
physical,2020,12,53,1609372800000,1
physical,2021,1,1,1609718400000,4
physical,2021,1,1,1609804800000,9
physical,2021,1,1,1609891200000,1
physical,2021,1,1,1610064000000,5
physical,2021,1,1,1610150400000,1
physical,2021,1,1,1610236800000,4
physical,2021,1,2,1610323200000,4
physical,2021,1,2,1610668800000,4
physical,2021,1,2,1610755200000,8
physical,2021,1,2,1610841600000,9
physical,2021,1,3,1610928000000,1
physical,2021,1,3,1611014400000,6
physical,2021,1,3,1611100800000,6
physical,2021,1,3,1611446400000,6
physical,2021,1,4,1611532800000,3
physical,2021,1,4,1611619200000,2
physical,2021,1,4,1611705600000,3
physical,2021,1,4,1611792000000,3
physical,2021,1,4,1611964800000,1
physical,2021,1,4,1612051200000,8
physical,2021,1,53,1609459200000,2
physical,2021,1,53,1609545600000,2
physical,2021,1,53,1609632000000,3
physical,2021,2,5,1612137600000,1
physical,2021,2,5,1612224000000,4
physical,2021,2,5,1612310400000,3
physical,2021,2,5,1612396800000,8
physical,2021,2,5,1612569600000,4
physical,2021,2,5,1612656000000,1
physical,2021,2,6,1612915200000,3
physical,2021,2,6,1613001600000,8
physical,2021,2,6,1613088000000,2
physical,2021,2,6,1613174400000,5
physical,2021,2,6,1613260800000,2
physical,2021,2,7,1613347200000,7
physical,2021,2,7,1613433600000,10
physical,2021,2,7,1613520000000,3
physical,2021,2,7,1613606400000,5
physical,2021,2,7,1613692800000,3
physical,2021,2,7,1613779200000,5
physical,2021,2,7,1613865600000,4
physical,2021,2,8,1613952000000,2
physical,2021,2,8,1614038400000,2
physical,2021,2,8,1614124800000,7
physical,2021,2,8,1614211200000,3
physical,2021,2,8,1614297600000,3
physical,2021,2,8,1614384000000,3
physical,2021,2,8,1614470400000,3
physical,2021,3,9,1614729600000,3
physical,2021,3,9,1614816000000,1
physical,2021,3,9,1614988800000,5
physical,2021,3,9,1615075200000,8
physical,2021,3,10,1615161600000,1
physical,2021,3,10,1615248000000,1
physical,2021,3,10,1615334400000,5
physical,2021,3,10,1615420800000,6
physical,2021,3,10,1615507200000,5
physical,2021,3,11,1615766400000,2
physical,2021,3,11,1615852800000,3
physical,2021,3,11,1616025600000,1
physical,2021,3,11,1616112000000,3
physical,2021,3,11,1616198400000,5
physical,2021,3,11,1616284800000,1
physical,2021,3,12,1616371200000,6
physical,2021,3,12,1616457600000,6
physical,2021,3,12,1616544000000,1
physical,2021,3,12,1616630400000,1
physical,2021,3,12,1616716800000,8
physical,2021,3,12,1616803200000,2
physical,2021,3,12,1616889600000,1
physical,2021,3,13,1617062400000,4
physical,2021,3,13,1617148800000,5
physical,2021,4,13,1617235200000,5
physical,2021,4,13,1617321600000,5
physical,2021,4,13,1617408000000,3
physical,2021,4,13,1617494400000,3
physical,2021,4,14,1617753600000,3
physical,2021,4,14,1617840000000,1
physical,2021,4,14,1617926400000,6
physical,2021,4,14,1618012800000,2
physical,2021,4,14,1618099200000,6
physical,2021,4,15,1618185600000,2
physical,2021,4,15,1618272000000,5
physical,2021,4,15,1618358400000,7
physical,2021,4,15,1618444800000,5
physical,2021,4,15,1618531200000,3
physical,2021,4,15,1618617600000,5
physical,2021,4,15,1618704000000,7
physical,2021,4,16,1618790400000,6
physical,2021,4,16,1618876800000,4
physical,2021,4,16,1618963200000,10
physical,2021,4,16,1619049600000,5
physical,2021,4,16,1619136000000,4
physical,2021,4,16,1619222400000,3
physical,2021,4,16,1619308800000,1
physical,2021,4,17,1619395200000,5
physical,2021,4,17,1619481600000,3
physical,2021,4,17,1619568000000,8
physical,2021,4,17,1619654400000,1
physical,2021,4,17,1619740800000,3
physical,2021,5,17,1619827200000,3
physical,2021,5,17,1619913600000,4
physical,2021,5,18,1620086400000,5
physical,2021,5,18,1620172800000,4
physical,2021,5,18,1620259200000,5
physical,2021,5,18,1620345600000,7
physical,2021,5,19,1620604800000,1
physical,2021,5,19,1620691200000,3
physical,2021,5,19,1620777600000,5
physical,2021,5,19,1620864000000,2
physical,2021,5,19,1621036800000,4
physical,2021,5,19,1621123200000,4
physical,2021,5,20,1621209600000,3
physical,2021,5,20,1621296000000,3
physical,2021,5,20,1621468800000,5
physical,2021,5,20,1621555200000,3
physical,2021,5,20,1621641600000,4
physical,2021,5,20,1621728000000,7
physical,2021,5,21,1621814400000,7
physical,2021,5,21,1621900800000,1
physical,2021,5,21,1621987200000,1
physical,2021,5,21,1622073600000,3
physical,2021,5,21,1622160000000,5
physical,2021,5,21,1622246400000,8
physical,2021,5,21,1622332800000,3
physical,2021,5,22,1622419200000,3
physical,2021,6,22,1622505600000,7
physical,2021,6,22,1622592000000,2
physical,2021,6,22,1622678400000,4
physical,2021,6,22,1622764800000,4
physical,2021,6,22,1622851200000,9
physical,2021,6,22,1622937600000,7
physical,2021,6,23,1623024000000,13
physical,2021,6,23,1623110400000,5
physical,2021,6,23,1623196800000,6
physical,2021,6,23,1623369600000,2
physical,2021,6,23,1623456000000,3
physical,2021,6,23,1623542400000,2
physical,2021,6,24,1623628800000,4
physical,2021,6,24,1623715200000,4
physical,2021,6,24,1623801600000,2
physical,2021,6,24,1623888000000,1
physical,2021,6,24,1623974400000,3
physical,2021,6,24,1624060800000,4
physical,2021,6,24,1624147200000,3
physical,2021,6,25,1624233600000,9
physical,2021,6,25,1624320000000,2
physical,2021,6,25,1624406400000,8
physical,2021,6,25,1624492800000,3
physical,2021,6,25,1624579200000,3
physical,2021,6,25,1624665600000,5
physical,2021,6,25,1624752000000,10
physical,2021,6,26,1624838400000,4
physical,2021,6,26,1624924800000,6
physical,2021,6,26,1625011200000,2
physical,2021,7,26,1625097600000,14
physical,2021,7,26,1625184000000,3
physical,2021,7,26,1625270400000,2
physical,2021,7,26,1625356800000,9
physical,2021,7,27,1625443200000,1
physical,2021,7,27,1625529600000,5
physical,2021,7,27,1625616000000,3
physical,2021,7,27,1625702400000,3
physical,2021,7,27,1625788800000,3
physical,2021,7,27,1625875200000,6
physical,2021,7,27,1625961600000,5
physical,2021,7,28,1626048000000,10
physical,2021,7,28,1626134400000,6
physical,2021,7,28,1626220800000,9
physical,2021,7,28,1626307200000,4
physical,2021,7,28,1626566400000,3
physical,2021,7,29,1626652800000,5
physical,2021,7,29,1626739200000,8
physical,2021,7,29,1626825600000,8
physical,2021,7,29,1626912000000,6
physical,2021,7,29,1626998400000,6
physical,2021,7,29,1627084800000,3
physical,2021,7,30,1627257600000,2
physical,2021,7,30,1627344000000,3
physical,2021,7,30,1627430400000,4
physical,2021,7,30,1627516800000,5
physical,2021,7,30,1627603200000,3
physical,2021,7,30,1627689600000,9
physical,2021,8,30,1627776000000,3
physical,2021,8,31,1627862400000,4
physical,2021,8,31,1627948800000,3
physical,2021,8,31,1628035200000,2
physical,2021,8,31,1628208000000,5
physical,2021,8,31,1628294400000,7
physical,2021,8,31,1628380800000,7
physical,2021,8,32,1628467200000,4
physical,2021,8,32,1628553600000,3
physical,2021,8,32,1628640000000,7
physical,2021,8,32,1628726400000,4
physical,2021,8,32,1628812800000,2
physical,2021,8,32,1628899200000,5
physical,2021,8,33,1629244800000,4
physical,2021,8,33,1629331200000,1
physical,2021,8,33,1629417600000,11
physical,2021,8,33,1629504000000,5
physical,2021,8,33,1629590400000,1
physical,2021,8,34,1629676800000,5
physical,2021,8,34,1629763200000,8
physical,2021,8,34,1629849600000,3
physical,2021,8,34,1629936000000,2
physical,2021,8,34,1630108800000,3
physical,2021,8,34,1630195200000,7
physical,2021,8,35,1630281600000,5
physical,2021,8,35,1630368000000,5
physical,2021,9,35,1630454400000,3
physical,2021,9,35,1630540800000,7
physical,2021,9,35,1630627200000,7
physical,2021,9,35,1630800000000,1
physical,2021,9,36,1630886400000,4
physical,2021,9,36,1630972800000,7
physical,2021,9,36,1631059200000,2
physical,2021,9,36,1631145600000,6
physical,2021,9,36,1631232000000,8
physical,2021,9,36,1631318400000,7
physical,2021,9,36,1631404800000,2
physical,2021,9,37,1631491200000,6
physical,2021,9,37,1631577600000,2
physical,2021,9,37,1631664000000,2
physical,2021,9,37,1631750400000,5
physical,2021,9,37,1631836800000,2
physical,2021,9,37,1632009600000,3
physical,2021,9,38,1632096000000,4
physical,2021,9,38,1632182400000,7
physical,2021,9,38,1632268800000,3
physical,2021,9,38,1632355200000,1
physical,2021,9,38,1632441600000,2
physical,2021,9,38,1632528000000,3
physical,2021,9,38,1632614400000,6
physical,2021,9,39,1632787200000,5
physical,2021,9,39,1632873600000,3
physical,2021,9,39,1632960000000,4
physical,2021,10,39,1633046400000,5
physical,2021,10,39,1633132800000,5
physical,2021,10,39,1633219200000,6
physical,2021,10,40,1633305600000,3
physical,2021,10,40,1633392000000,10
physical,2021,10,40,1633478400000,3
physical,2021,10,40,1633651200000,10
physical,2021,10,40,1633737600000,3
physical,2021,10,40,1633824000000,5
physical,2021,10,41,1633910400000,14
physical,2021,10,41,1633996800000,3
physical,2021,10,41,1634083200000,9
physical,2021,10,41,1634169600000,7
physical,2021,10,41,1634256000000,2
physical,2021,10,41,1634428800000,5
physical,2021,10,42,1634515200000,2
physical,2021,10,42,1634601600000,5
physical,2021,10,42,1634688000000,1
physical,2021,10,42,1634774400000,5
physical,2021,10,42,1635033600000,5
physical,2021,10,43,1635120000000,3
physical,2021,10,43,1635206400000,4
physical,2021,10,43,1635292800000,7
physical,2021,10,43,1635379200000,4
physical,2021,10,43,1635465600000,2
physical,2021,10,43,1635552000000,1
physical,2021,10,43,1635638400000,1
physical,2021,11,44,1635724800000,5
physical,2021,11,44,1635811200000,3
physical,2021,11,44,1635897600000,2
physical,2021,11,44,1635984000000,3
physical,2021,11,44,1636070400000,2
physical,2021,11,44,1636156800000,2
physical,2021,11,44,1636243200000,4
physical,2021,11,45,1636329600000,5
physical,2021,11,45,1636502400000,3
physical,2021,11,45,1636588800000,3
physical,2021,11,45,1636675200000,8
physical,2021,11,45,1636761600000,5
physical,2021,11,46,1636934400000,1
physical,2021,11,46,1637020800000,11
physical,2021,11,46,1637107200000,3
physical,2021,11,46,1637280000000,2
physical,2021,11,46,1637366400000,11
physical,2021,11,46,1637452800000,5
physical,2021,11,47,1637625600000,8
physical,2021,11,47,1637712000000,1
physical,2021,11,47,1637798400000,2
physical,2021,11,47,1637884800000,5
physical,2021,11,47,1637971200000,5
physical,2021,11,48,1638230400000,4
physical,2021,12,48,1638316800000,1
physical,2021,12,48,1638403200000,3
physical,2021,12,48,1638489600000,2
physical,2021,12,48,1638576000000,2
physical,2021,12,48,1638662400000,4
physical,2021,12,49,1638748800000,3
physical,2021,12,49,1638835200000,3
physical,2021,12,49,1638921600000,1
physical,2021,12,49,1639094400000,4
physical,2021,12,49,1639180800000,5
physical,2021,12,49,1639267200000,8
physical,2021,12,50,1639353600000,1
physical,2021,12,50,1639440000000,2
physical,2021,12,50,1639526400000,12
physical,2021,12,50,1639612800000,5
physical,2021,12,50,1639699200000,14
physical,2021,12,50,1639785600000,9
physical,2021,12,50,1639872000000,4
physical,2021,12,51,1639958400000,4
physical,2021,12,51,1640044800000,1
physical,2021,12,51,1640217600000,8
physical,2021,12,51,1640304000000,7
physical,2021,12,51,1640390400000,3
physical,2021,12,51,1640476800000,3
physical,2021,12,52,1640563200000,2
physical,2021,12,52,1640649600000,3
physical,2021,12,52,1640736000000,2
physical,2021,12,52,1640822400000,2
physical,2021,12,52,1640908800000,3
physical,2022,1,1,1641168000000,10
physical,2022,1,1,1641254400000,6
physical,2022,1,1,1641340800000,2
physical,2022,1,1,1641427200000,5
physical,2022,1,1,1641513600000,2
physical,2022,1,1,1641600000000,4
physical,2022,1,1,1641686400000,5
physical,2022,1,2,1641772800000,4
physical,2022,1,2,1641859200000,5
physical,2022,1,2,1641945600000,4
physical,2022,1,2,1642032000000,5
physical,2022,1,2,1642291200000,1
physical,2022,1,3,1642377600000,6
physical,2022,1,3,1642464000000,1
physical,2022,1,3,1642550400000,3
physical,2022,1,3,1642636800000,8
physical,2022,1,3,1642809600000,8
physical,2022,1,4,1643068800000,2
physical,2022,1,4,1643155200000,3
physical,2022,1,4,1643328000000,3
physical,2022,1,4,1643414400000,8
physical,2022,1,4,1643500800000,1
physical,2022,1,5,1643587200000,3
physical,2022,1,52,1640995200000,1
physical,2022,1,52,1641081600000,1
physical,2022,2,5,1643673600000,6
physical,2022,2,5,1643760000000,2
physical,2022,2,5,1643846400000,7
physical,2022,2,5,1643932800000,2
physical,2022,2,5,1644019200000,6
physical,2022,2,5,1644105600000,1
physical,2022,2,6,1644192000000,3
physical,2022,2,6,1644364800000,9
physical,2022,2,6,1644451200000,4
physical,2022,2,6,1644624000000,4
physical,2022,2,6,1644710400000,9
physical,2022,2,7,1644883200000,6
physical,2022,2,7,1644969600000,4
physical,2022,2,7,1645056000000,3
physical,2022,2,7,1645142400000,1
physical,2022,2,7,1645228800000,8
physical,2022,2,8,1645401600000,8
physical,2022,2,8,1645488000000,2
physical,2022,2,8,1645574400000,3
physical,2022,2,8,1645660800000,4
physical,2022,2,8,1645747200000,4
physical,2022,2,8,1645833600000,5
physical,2022,2,8,1645920000000,9
physical,2022,3,9,1646092800000,5
physical,2022,3,9,1646179200000,5
physical,2022,3,9,1646265600000,8
physical,2022,3,9,1646352000000,5
physical,2022,3,9,1646438400000,4
physical,2022,3,9,1646524800000,6
physical,2022,3,10,1646611200000,8
physical,2022,3,10,1646697600000,1
physical,2022,3,10,1646784000000,3
physical,2022,3,10,1646870400000,5
physical,2022,3,10,1646956800000,3
physical,2022,3,10,1647043200000,3
physical,2022,3,10,1647129600000,4
physical,2022,3,11,1647216000000,6
physical,2022,3,11,1647302400000,3
physical,2022,3,11,1647388800000,16
physical,2022,3,11,1647475200000,2
physical,2022,3,11,1647648000000,2
physical,2022,3,11,1647734400000,4
physical,2022,3,12,1647907200000,1
physical,2022,3,12,1647993600000,2
physical,2022,3,12,1648080000000,12
physical,2022,3,12,1648166400000,2
physical,2022,3,12,1648252800000,3
physical,2022,3,12,1648339200000,6
physical,2022,3,13,1648425600000,6
physical,2022,3,13,1648512000000,6
physical,2022,3,13,1648598400000,3
physical,2022,3,13,1648684800000,1
physical,2022,4,13,1648771200000,5
physical,2022,4,13,1648857600000,1
physical,2022,4,13,1648944000000,3
physical,2022,4,14,1649030400000,8
physical,2022,4,14,1649116800000,3
physical,2022,4,14,1649203200000,2
physical,2022,4,14,1649289600000,8
physical,2022,4,14,1649376000000,6
physical,2022,4,14,1649462400000,1
physical,2022,4,14,1649548800000,7
physical,2022,4,15,1649635200000,10
physical,2022,4,15,1649808000000,1
physical,2022,4,15,1649894400000,2
physical,2022,4,15,1649980800000,1
physical,2022,4,15,1650067200000,8
physical,2022,4,16,1650240000000,6
physical,2022,4,16,1650326400000,4
physical,2022,4,16,1650499200000,3
physical,2022,4,16,1650672000000,4
physical,2022,4,17,1650844800000,9
physical,2022,4,17,1650931200000,2
physical,2022,4,17,1651017600000,4
physical,2022,4,17,1651104000000,4
physical,2022,4,17,1651190400000,5
physical,2022,5,17,1651363200000,1
physical,2022,5,18,1651449600000,4
physical,2022,5,18,1651622400000,5
physical,2022,5,18,1651708800000,5
physical,2022,5,18,1651881600000,2
physical,2022,5,18,1651968000000,5
physical,2022,5,19,1652054400000,2
physical,2022,5,19,1652227200000,2
physical,2022,5,19,1652313600000,7
physical,2022,5,19,1652400000000,7
physical,2022,5,19,1652486400000,3
physical,2022,5,19,1652572800000,7
physical,2022,5,20,1652659200000,2
physical,2022,5,20,1652745600000,1
physical,2022,5,20,1652832000000,6
physical,2022,5,20,1652918400000,3
physical,2022,5,20,1653004800000,3
physical,2022,5,21,1653264000000,3
physical,2022,5,21,1653350400000,5
physical,2022,5,21,1653436800000,5
physical,2022,5,21,1653523200000,5
physical,2022,5,21,1653609600000,5
physical,2022,5,21,1653696000000,4
physical,2022,5,21,1653782400000,3
physical,2022,5,22,1653868800000,12
physical,2022,6,22,1654041600000,1
physical,2022,6,22,1654128000000,1
physical,2022,6,22,1654214400000,11
physical,2022,6,22,1654387200000,8
physical,2022,6,23,1654473600000,5
physical,2022,6,23,1654560000000,2
physical,2022,6,23,1654646400000,3
physical,2022,6,23,1654732800000,1
physical,2022,6,23,1654905600000,3
physical,2022,6,23,1654992000000,3
physical,2022,6,24,1655078400000,1
physical,2022,6,24,1655164800000,3
physical,2022,6,24,1655251200000,3
physical,2022,6,24,1655337600000,6
physical,2022,6,24,1655424000000,3
physical,2022,6,24,1655510400000,1
physical,2022,6,25,1655683200000,10
physical,2022,6,25,1655769600000,1
physical,2022,6,25,1655856000000,3
physical,2022,6,25,1655942400000,3
physical,2022,6,25,1656028800000,8
physical,2022,6,25,1656115200000,7
physical,2022,6,25,1656201600000,9
physical,2022,6,26,1656288000000,3
physical,2022,6,26,1656374400000,2
physical,2022,6,26,1656547200000,3
physical,2022,7,26,1656633600000,4
physical,2022,7,26,1656720000000,8
physical,2022,7,26,1656806400000,3
physical,2022,7,27,1656892800000,2
physical,2022,7,27,1656979200000,3
physical,2022,7,27,1657065600000,4
physical,2022,7,27,1657152000000,2
physical,2022,7,27,1657238400000,4
physical,2022,7,27,1657324800000,3
physical,2022,7,27,1657411200000,4
physical,2022,7,28,1657497600000,3
physical,2022,7,28,1657584000000,8
physical,2022,7,28,1657670400000,3
physical,2022,7,28,1657756800000,11
physical,2022,7,28,1657929600000,7
physical,2022,7,28,1658016000000,5
physical,2022,7,29,1658102400000,2
physical,2022,7,29,1658275200000,1
physical,2022,7,29,1658361600000,10
physical,2022,7,29,1658448000000,1
physical,2022,7,29,1658534400000,5
physical,2022,7,29,1658620800000,1
physical,2022,7,30,1658707200000,10
physical,2022,7,30,1658880000000,1
physical,2022,7,30,1659139200000,2
physical,2022,7,30,1659225600000,6
physical,2022,8,31,1659312000000,10
physical,2022,8,31,1659398400000,1
physical,2022,8,31,1659484800000,5
physical,2022,8,31,1659571200000,4
physical,2022,8,31,1659657600000,1
physical,2022,8,31,1659744000000,1
physical,2022,8,32,1659916800000,3
physical,2022,8,32,1660003200000,5
physical,2022,8,32,1660089600000,4
physical,2022,8,32,1660176000000,5
physical,2022,8,32,1660262400000,1
physical,2022,8,32,1660348800000,2
physical,2022,8,32,1660435200000,1
physical,2022,8,33,1660521600000,10
physical,2022,8,33,1660608000000,4
physical,2022,8,33,1660694400000,2
physical,2022,8,33,1660780800000,8
physical,2022,8,33,1660867200000,3
physical,2022,8,33,1660953600000,4
physical,2022,8,33,1661040000000,7
physical,2022,8,34,1661126400000,3
physical,2022,8,34,1661212800000,3
physical,2022,8,34,1661299200000,14
physical,2022,8,34,1661385600000,1
physical,2022,8,34,1661558400000,3
physical,2022,8,34,1661644800000,5
physical,2022,8,35,1661731200000,12
physical,2022,8,35,1661904000000,6
physical,2022,9,35,1661990400000,3
physical,2022,9,35,1662076800000,5
physical,2022,9,35,1662163200000,2
physical,2022,9,35,1662249600000,4
physical,2022,9,36,1662336000000,2
physical,2022,9,36,1662422400000,7
physical,2022,9,36,1662508800000,7
physical,2022,9,36,1662595200000,8
physical,2022,9,36,1662681600000,2
physical,2022,9,36,1662768000000,5
physical,2022,9,36,1662854400000,11
physical,2022,9,37,1662940800000,4
physical,2022,9,37,1663027200000,7
physical,2022,9,37,1663113600000,1
physical,2022,9,37,1663286400000,3
physical,2022,9,37,1663372800000,1
physical,2022,9,37,1663459200000,8
physical,2022,9,38,1663545600000,3
physical,2022,9,38,1663632000000,4
physical,2022,9,38,1663718400000,5
physical,2022,9,38,1663804800000,1
physical,2022,9,38,1663891200000,5
physical,2022,9,38,1663977600000,8
physical,2022,9,38,1664064000000,2
physical,2022,9,39,1664150400000,7
physical,2022,9,39,1664236800000,3
physical,2022,9,39,1664323200000,4
physical,2022,9,39,1664409600000,6
physical,2022,10,39,1664582400000,1
physical,2022,10,39,1664668800000,2
physical,2022,10,40,1664841600000,2
physical,2022,10,40,1664928000000,8
physical,2022,10,40,1665014400000,5
physical,2022,10,40,1665187200000,1
physical,2022,10,40,1665273600000,7
physical,2022,10,41,1665446400000,8
physical,2022,10,41,1665532800000,2
physical,2022,10,41,1665619200000,8
physical,2022,10,41,1665705600000,3
physical,2022,10,41,1665878400000,4
physical,2022,10,42,1665964800000,4
physical,2022,10,42,1666051200000,2
physical,2022,10,42,1666137600000,3
physical,2022,10,42,1666224000000,1
physical,2022,10,42,1666396800000,6
physical,2022,10,42,1666483200000,5
physical,2022,10,43,1666656000000,3
physical,2022,10,43,1666742400000,5
physical,2022,10,43,1666828800000,3
physical,2022,10,43,1666915200000,1
physical,2022,10,43,1667001600000,13
physical,2022,10,43,1667088000000,6
physical,2022,10,44,1667174400000,5
physical,2022,11,44,1667260800000,8
physical,2022,11,44,1667347200000,1
physical,2022,11,44,1667433600000,8
physical,2022,11,44,1667606400000,3
physical,2022,11,45,1667779200000,3
physical,2022,11,45,1667865600000,3
physical,2022,11,45,1667952000000,3
physical,2022,11,45,1668124800000,4
physical,2022,11,45,1668297600000,4
physical,2022,11,46,1668384000000,3
physical,2022,11,46,1668470400000,8
physical,2022,11,46,1668556800000,9
physical,2022,11,46,1668643200000,3
physical,2022,11,46,1668729600000,5
physical,2022,11,47,1668988800000,2
physical,2022,11,47,1669075200000,8
physical,2022,11,47,1669161600000,3
physical,2022,11,47,1669248000000,11
physical,2022,11,47,1669334400000,6
physical,2022,11,47,1669420800000,8
physical,2022,11,47,1669507200000,3
physical,2022,11,48,1669593600000,5
physical,2022,11,48,1669680000000,9
physical,2022,11,48,1669766400000,4
physical,2022,12,48,1669852800000,5
physical,2022,12,48,1669939200000,11
physical,2022,12,48,1670025600000,7
physical,2022,12,48,1670112000000,3
physical,2022,12,49,1670198400000,1
physical,2022,12,49,1670284800000,4
physical,2022,12,49,1670371200000,6
physical,2022,12,49,1670457600000,1
physical,2022,12,49,1670544000000,4
physical,2022,12,49,1670630400000,2
physical,2022,12,49,1670716800000,3
physical,2022,12,50,1670803200000,5
physical,2022,12,50,1670889600000,3
physical,2022,12,50,1670976000000,3
physical,2022,12,50,1671148800000,3
physical,2022,12,50,1671321600000,5
physical,2022,12,51,1671408000000,4
physical,2022,12,51,1671494400000,4
physical,2022,12,51,1671580800000,2
physical,2022,12,51,1671667200000,4
physical,2022,12,51,1671840000000,4
physical,2022,12,51,1671926400000,3
physical,2022,12,52,1672012800000,3
physical,2022,12,52,1672099200000,4
physical,2022,12,52,1672272000000,2
physical,2023,1,1,1672704000000,11
physical,2023,1,1,1672790400000,1
physical,2023,1,1,1672876800000,5
physical,2023,1,1,1672963200000,1
physical,2023,1,1,1673049600000,3
physical,2023,1,2,1673222400000,6
physical,2023,1,2,1673308800000,3
physical,2023,1,2,1673395200000,3
physical,2023,1,2,1673481600000,5
physical,2023,1,2,1673568000000,5
physical,2023,1,2,1673654400000,11
physical,2023,1,2,1673740800000,4
physical,2023,1,3,1673827200000,3
physical,2023,1,3,1673913600000,4
physical,2023,1,3,1674000000000,10
physical,2023,1,3,1674086400000,5
physical,2023,1,3,1674259200000,9
physical,2023,1,4,1674432000000,5
physical,2023,1,4,1674518400000,6
physical,2023,1,4,1674604800000,1
physical,2023,1,4,1674691200000,3
physical,2023,1,4,1674777600000,3
physical,2023,1,4,1674864000000,11
physical,2023,1,4,1674950400000,6
physical,2023,1,5,1675036800000,3
physical,2023,2,5,1675209600000,4
physical,2023,2,5,1675382400000,8
physical,2023,2,5,1675468800000,4
physical,2023,2,5,1675555200000,6
physical,2023,2,6,1675641600000,2
physical,2023,2,6,1675728000000,4
physical,2023,2,6,1675900800000,8
physical,2023,2,6,1675987200000,6
physical,2023,2,6,1676160000000,2
physical,2023,2,7,1676246400000,5
physical,2023,2,7,1676332800000,3
physical,2023,2,7,1676419200000,2
physical,2023,2,7,1676592000000,9
physical,2023,2,7,1676678400000,3
physical,2023,2,7,1676764800000,1
physical,2023,2,8,1676851200000,4
physical,2023,2,8,1676937600000,4
physical,2023,2,8,1677024000000,5
physical,2023,2,8,1677110400000,10
physical,2023,2,8,1677196800000,4
physical,2023,2,8,1677283200000,2
physical,2023,2,8,1677369600000,5
physical,2023,2,9,1677456000000,9
physical,2023,2,9,1677542400000,5
physical,2023,3,9,1677628800000,2
physical,2023,3,9,1677715200000,7
physical,2023,3,9,1677801600000,1
physical,2023,3,9,1677888000000,9
physical,2023,3,9,1677974400000,1
physical,2023,3,10,1678060800000,5
physical,2023,3,10,1678147200000,6
physical,2023,3,10,1678320000000,2
physical,2023,3,10,1678406400000,3
physical,2023,3,10,1678492800000,1
physical,2023,3,10,1678579200000,2
physical,2023,3,11,1678665600000,3
physical,2023,3,11,1678752000000,13
physical,2023,3,11,1678838400000,7
physical,2023,3,11,1678924800000,2
physical,2023,3,11,1679011200000,2
physical,2023,3,11,1679097600000,2
physical,2023,3,11,1679184000000,2
physical,2023,3,12,1679270400000,3
physical,2023,3,12,1679356800000,8
physical,2023,3,12,1679443200000,12
physical,2023,3,12,1679616000000,8
physical,2023,3,12,1679702400000,7
physical,2023,3,12,1679788800000,2
physical,2023,3,13,1679875200000,2
physical,2023,3,13,1680048000000,2
physical,2023,3,13,1680134400000,8
physical,2023,3,13,1680220800000,6
physical,2023,4,13,1680307200000,2
physical,2023,4,13,1680393600000,12
physical,2023,4,14,1680480000000,5
physical,2023,4,14,1680566400000,4
physical,2023,4,14,1680652800000,2
physical,2023,4,14,1680825600000,4
physical,2023,4,14,1680912000000,8
physical,2023,4,14,1680998400000,2
physical,2023,4,15,1681084800000,2
physical,2023,4,15,1681171200000,3
physical,2023,4,15,1681257600000,10
physical,2023,4,15,1681344000000,7
physical,2023,4,15,1681430400000,1
physical,2023,4,15,1681516800000,6
physical,2023,4,15,1681603200000,10
physical,2023,4,16,1681689600000,5
physical,2023,4,16,1681776000000,6
physical,2023,4,16,1681862400000,8
physical,2023,4,16,1681948800000,4
physical,2023,4,16,1682121600000,2
physical,2023,4,17,1682294400000,3
physical,2023,4,17,1682380800000,5
physical,2023,4,17,1682467200000,5
physical,2023,4,17,1682553600000,4
physical,2023,4,17,1682726400000,8
physical,2023,5,18,1682899200000,13
physical,2023,5,18,1682985600000,8
physical,2023,5,18,1683072000000,2
physical,2023,5,18,1683158400000,1
physical,2023,5,18,1683244800000,3
physical,2023,5,18,1683331200000,2
physical,2023,5,18,1683417600000,6
physical,2023,5,19,1683504000000,3
physical,2023,5,19,1683590400000,3
physical,2023,5,19,1683676800000,3
physical,2023,5,19,1683763200000,6
physical,2023,5,19,1683849600000,7
physical,2023,5,19,1683936000000,5
physical,2023,5,19,1684022400000,5
physical,2023,5,20,1684108800000,1
physical,2023,5,20,1684195200000,1
physical,2023,5,20,1684281600000,3
physical,2023,5,20,1684368000000,5
physical,2023,5,20,1684540800000,2
physical,2023,5,20,1684627200000,5
physical,2023,5,21,1684713600000,4
physical,2023,5,21,1684800000000,1
physical,2023,5,21,1684886400000,8
physical,2023,5,21,1685059200000,5
physical,2023,5,21,1685145600000,2
physical,2023,5,21,1685232000000,2
physical,2023,5,22,1685318400000,10
physical,2023,5,22,1685404800000,4
physical,2023,5,22,1685491200000,5
physical,2023,6,22,1685577600000,3
physical,2023,6,22,1685664000000,1
physical,2023,6,22,1685750400000,4
physical,2023,6,22,1685836800000,2
physical,2023,6,23,1685923200000,8
physical,2023,6,23,1686009600000,6
physical,2023,6,23,1686096000000,5
physical,2023,6,23,1686182400000,2
physical,2023,6,23,1686268800000,7
physical,2023,6,23,1686355200000,5
physical,2023,6,23,1686441600000,2
physical,2023,6,24,1686528000000,2
physical,2023,6,24,1686700800000,8
physical,2023,6,24,1686787200000,2
physical,2023,6,24,1686873600000,2
physical,2023,6,24,1686960000000,2
physical,2023,6,24,1687046400000,4
physical,2023,6,25,1687132800000,4
physical,2023,6,25,1687219200000,6
physical,2023,6,25,1687305600000,10
physical,2023,6,25,1687392000000,5
physical,2023,6,25,1687478400000,10
physical,2023,6,25,1687564800000,3
physical,2023,6,25,1687651200000,6
physical,2023,6,26,1687737600000,8
physical,2023,6,26,1687824000000,3
physical,2023,6,26,1687996800000,9
physical,2023,6,26,1688083200000,6
physical,2023,7,26,1688169600000,3
physical,2023,7,26,1688256000000,6
physical,2023,7,27,1688342400000,11
physical,2023,7,27,1688428800000,3
physical,2023,7,27,1688515200000,4
physical,2023,7,27,1688601600000,7
physical,2023,7,27,1688688000000,3
physical,2023,7,27,1688860800000,4
physical,2023,7,28,1688947200000,3
physical,2023,7,28,1689033600000,1
physical,2023,7,28,1689292800000,3
physical,2023,7,28,1689379200000,3
physical,2023,7,28,1689465600000,4
physical,2023,7,29,1689552000000,2
physical,2023,7,29,1689638400000,4
physical,2023,7,29,1689724800000,4
physical,2023,7,29,1689811200000,3
physical,2023,7,29,1689897600000,3
physical,2023,7,29,1689984000000,3
physical,2023,7,29,1690070400000,5
physical,2023,7,30,1690156800000,16
physical,2023,7,30,1690243200000,1
physical,2023,7,30,1690329600000,2
physical,2023,7,30,1690502400000,6
physical,2023,7,30,1690588800000,6
physical,2023,7,30,1690675200000,2
physical,2023,7,31,1690761600000,4
physical,2023,8,31,1690934400000,12
physical,2023,8,31,1691020800000,10
physical,2023,8,31,1691193600000,7
physical,2023,8,32,1691366400000,1
physical,2023,8,32,1691452800000,1
physical,2023,8,32,1691539200000,2
physical,2023,8,32,1691625600000,7
physical,2023,8,32,1691712000000,13
physical,2023,8,32,1691798400000,4
physical,2023,8,32,1691884800000,3
physical,2023,8,33,1691971200000,3
physical,2023,8,33,1692230400000,4
physical,2023,8,33,1692316800000,2
physical,2023,8,33,1692403200000,4
physical,2023,8,33,1692489600000,3
physical,2023,8,34,1692576000000,3
physical,2023,8,34,1692662400000,4
physical,2023,8,34,1692748800000,3
physical,2023,8,34,1692835200000,3
physical,2023,8,34,1692921600000,7
physical,2023,8,34,1693008000000,3
physical,2023,8,34,1693094400000,7
physical,2023,8,35,1693180800000,5
physical,2023,8,35,1693267200000,3
physical,2023,8,35,1693353600000,5
physical,2023,8,35,1693440000000,3
physical,2023,9,35,1693526400000,6
physical,2023,9,35,1693612800000,2
physical,2023,9,35,1693699200000,4
physical,2023,9,36,1693785600000,8
physical,2023,9,36,1693872000000,1
physical,2023,9,36,1693958400000,2
physical,2023,9,36,1694044800000,6
physical,2023,9,36,1694131200000,3
physical,2023,9,37,1694476800000,1
physical,2023,9,37,1694563200000,3
physical,2023,9,37,1694649600000,7
physical,2023,9,37,1694736000000,3
physical,2023,9,37,1694822400000,3
physical,2023,9,37,1694908800000,3
physical,2023,9,38,1694995200000,7
physical,2023,9,38,1695081600000,2
physical,2023,9,38,1695168000000,4
physical,2023,9,38,1695254400000,3
physical,2023,9,38,1695340800000,2
physical,2023,9,38,1695427200000,7
physical,2023,9,39,1695600000000,5
physical,2023,9,39,1695686400000,7
physical,2023,9,39,1695859200000,12
physical,2023,9,39,1695945600000,7
physical,2023,9,39,1696032000000,2
physical,2023,10,39,1696118400000,6
physical,2023,10,40,1696204800000,1
physical,2023,10,40,1696291200000,6
physical,2023,10,40,1696377600000,2
physical,2023,10,40,1696464000000,1
physical,2023,10,40,1696550400000,1
physical,2023,10,40,1696723200000,2
physical,2023,10,41,1696809600000,4
physical,2023,10,41,1696896000000,5
physical,2023,10,41,1696982400000,2
physical,2023,10,41,1697068800000,4
physical,2023,10,41,1697155200000,8
physical,2023,10,41,1697241600000,7
physical,2023,10,41,1697328000000,4
physical,2023,10,42,1697414400000,5
physical,2023,10,42,1697500800000,4
physical,2023,10,42,1697587200000,3
physical,2023,10,42,1697673600000,6
physical,2023,10,42,1697760000000,2
physical,2023,10,42,1697846400000,8
physical,2023,10,42,1697932800000,2
physical,2023,10,43,1698105600000,5
physical,2023,10,43,1698192000000,4
physical,2023,10,43,1698278400000,1
physical,2023,10,43,1698364800000,6
physical,2023,10,43,1698451200000,1
physical,2023,10,43,1698537600000,2
physical,2023,10,44,1698710400000,4
physical,2023,11,44,1698796800000,5
physical,2023,11,44,1698883200000,1
physical,2023,11,44,1698969600000,3
physical,2023,11,44,1699056000000,4
physical,2023,11,44,1699142400000,6
physical,2023,11,45,1699228800000,9
physical,2023,11,45,1699315200000,1
physical,2023,11,45,1699401600000,10
physical,2023,11,45,1699488000000,4
physical,2023,11,45,1699574400000,1
physical,2023,11,45,1699660800000,4
physical,2023,11,45,1699747200000,7
physical,2023,11,46,1699920000000,4
physical,2023,11,46,1700006400000,8
physical,2023,11,46,1700092800000,3
physical,2023,11,46,1700179200000,5
physical,2023,11,46,1700352000000,3
physical,2023,11,47,1700524800000,4
physical,2023,11,47,1700611200000,6
physical,2023,11,47,1700697600000,3
physical,2023,11,48,1701043200000,3
physical,2023,11,48,1701129600000,2
physical,2023,11,48,1701216000000,1
physical,2023,12,48,1701388800000,3
physical,2023,12,48,1701475200000,4
physical,2023,12,48,1701561600000,2
physical,2023,12,49,1701648000000,2
physical,2023,12,49,1701734400000,4
physical,2023,12,49,1701907200000,8
physical,2023,12,49,1701993600000,4
physical,2023,12,49,1702080000000,4
physical,2023,12,50,1702339200000,6
physical,2023,12,50,1702425600000,3
physical,2023,12,50,1702512000000,8
physical,2023,12,50,1702598400000,10
physical,2023,12,50,1702684800000,4
physical,2023,12,50,1702771200000,1
physical,2023,12,51,1702857600000,4
physical,2023,12,51,1703030400000,1
physical,2023,12,51,1703116800000,5
physical,2023,12,51,1703203200000,1
physical,2023,12,51,1703289600000,3
physical,2023,12,51,1703376000000,6
physical,2023,12,52,1703462400000,3
physical,2023,12,52,1703548800000,7
physical,2023,12,52,1703635200000,5
physical,2023,12,52,1703721600000,1
physical,2023,12,52,1703808000000,1
physical,2024,1,1,1704067200000,3
physical,2024,1,1,1704240000000,2
physical,2024,1,1,1704326400000,1
physical,2024,1,1,1704412800000,8
physical,2024,1,1,1704585600000,6
physical,2024,1,2,1704672000000,6
physical,2024,1,2,1704844800000,3
physical,2024,1,2,1704931200000,2
physical,2024,1,2,1705017600000,13
physical,2024,1,2,1705190400000,1
physical,2024,1,3,1705276800000,2
physical,2024,1,3,1705363200000,2
physical,2024,1,3,1705449600000,6
physical,2024,1,3,1705536000000,3
physical,2024,1,3,1705622400000,2
physical,2024,1,3,1705708800000,4
physical,2024,1,3,1705795200000,3
physical,2024,1,4,1705881600000,5
physical,2024,1,4,1705968000000,2
physical,2024,1,4,1706054400000,7
physical,2024,1,4,1706140800000,3
physical,2024,1,4,1706227200000,6
physical,2024,1,4,1706313600000,4
physical,2024,1,4,1706400000000,7
physical,2024,1,5,1706486400000,7
physical,2024,1,5,1706572800000,7
physical,2024,1,5,1706659200000,4
physical,2024,2,5,1706832000000,5
physical,2024,2,5,1706918400000,5
physical,2024,2,5,1707004800000,1
physical,2024,2,6,1707091200000,3
physical,2024,2,6,1707177600000,9
physical,2024,2,6,1707350400000,1
physical,2024,2,6,1707436800000,2
physical,2024,2,6,1707523200000,7
physical,2024,2,6,1707609600000,1
physical,2024,2,7,1707696000000,5
physical,2024,2,7,1707782400000,9
physical,2024,2,7,1707868800000,10
physical,2024,2,7,1707955200000,5
physical,2024,2,7,1708041600000,1
physical,2024,2,7,1708128000000,5
physical,2024,2,8,1708300800000,2
physical,2024,2,8,1708473600000,4
physical,2024,2,8,1708560000000,3
physical,2024,2,8,1708646400000,7
physical,2024,2,8,1708819200000,4
physical,2024,2,9,1708905600000,5
physical,2024,2,9,1708992000000,3
physical,2024,2,9,1709078400000,2
physical,2024,2,9,1709164800000,1
physical,2024,3,9,1709251200000,1
physical,2024,3,9,1709337600000,3
physical,2024,3,9,1709424000000,3
physical,2024,3,10,1709510400000,2
physical,2024,3,10,1709596800000,5
physical,2024,3,10,1709683200000,4
physical,2024,3,10,1709769600000,1
physical,2024,3,10,1709856000000,3
physical,2024,3,10,1709942400000,5
physical,2024,3,10,1710028800000,12
physical,2024,3,11,1710115200000,6
physical,2024,3,11,1710288000000,8
physical,2024,3,11,1710374400000,1
physical,2024,3,11,1710460800000,2
physical,2024,3,11,1710547200000,2
physical,2024,3,11,1710633600000,2
physical,2024,3,12,1710720000000,1
physical,2024,3,12,1710806400000,2
physical,2024,3,12,1710892800000,5
physical,2024,3,12,1710979200000,6
physical,2024,3,12,1711065600000,7
physical,2024,3,12,1711152000000,6
physical,2024,3,12,1711238400000,3
physical,2024,3,13,1711324800000,8
physical,2024,3,13,1711411200000,15
physical,2024,3,13,1711497600000,12
physical,2024,3,13,1711670400000,2
physical,2024,3,13,1711756800000,6
physical,2024,3,13,1711843200000,5
physical,2024,4,14,1711929600000,2
physical,2024,4,14,1712016000000,2
physical,2024,4,14,1712275200000,8
physical,2024,4,14,1712361600000,5
physical,2024,4,14,1712448000000,7
physical,2024,4,15,1712534400000,2
physical,2024,4,15,1712620800000,2
physical,2024,4,15,1712793600000,2
physical,2024,4,15,1712880000000,8
physical,2024,4,15,1712966400000,1
physical,2024,4,15,1713052800000,5
physical,2024,4,16,1713225600000,6
physical,2024,4,16,1713312000000,3
physical,2024,4,16,1713398400000,6
physical,2024,4,16,1713484800000,1
physical,2024,4,16,1713571200000,2
physical,2024,4,17,1713830400000,6
physical,2024,4,17,1713916800000,5
physical,2024,4,17,1714003200000,6
physical,2024,4,17,1714089600000,5
physical,2024,4,17,1714176000000,6
physical,2024,4,17,1714262400000,3
physical,2024,4,18,1714348800000,2
physical,2024,5,18,1714521600000,4
physical,2024,5,18,1714608000000,6
physical,2024,5,18,1714694400000,8
physical,2024,5,18,1714780800000,3
physical,2024,5,18,1714867200000,5
physical,2024,5,19,1714953600000,1
physical,2024,5,19,1715040000000,5
physical,2024,5,19,1715212800000,2
physical,2024,5,19,1715299200000,10
physical,2024,5,19,1715472000000,2
physical,2024,5,20,1715558400000,3
physical,2024,5,20,1715644800000,1
physical,2024,5,20,1715731200000,4
physical,2024,5,20,1715817600000,4
physical,2024,5,20,1715904000000,5
physical,2024,5,20,1715990400000,4
physical,2024,5,21,1716163200000,8
physical,2024,5,21,1716249600000,15
physical,2024,5,21,1716336000000,3
physical,2024,5,21,1716422400000,6
physical,2024,5,21,1716508800000,2
physical,2024,5,21,1716595200000,7
physical,2024,5,21,1716681600000,2
physical,2024,5,22,1716768000000,12
physical,2024,5,22,1716854400000,6
physical,2024,5,22,1717027200000,4
physical,2024,5,22,1717113600000,7
physical,2024,6,22,1717286400000,6
physical,2024,6,23,1717372800000,3
physical,2024,6,23,1717459200000,1
physical,2024,6,23,1717632000000,1
physical,2024,6,23,1717718400000,2
physical,2024,6,23,1717804800000,9
physical,2024,6,23,1717891200000,2
physical,2024,6,24,1717977600000,4
physical,2024,6,24,1718064000000,7
physical,2024,6,24,1718150400000,2
physical,2024,6,24,1718236800000,1
physical,2024,6,24,1718323200000,4
physical,2024,6,24,1718409600000,3
physical,2024,6,24,1718496000000,7
physical,2024,6,25,1718582400000,2
physical,2024,6,25,1718668800000,3
physical,2024,6,25,1718841600000,3
physical,2024,6,25,1719014400000,1
physical,2024,6,25,1719100800000,9
physical,2024,6,26,1719187200000,3
physical,2024,6,26,1719273600000,10
physical,2024,6,26,1719360000000,2
physical,2024,6,26,1719446400000,3
physical,2024,6,26,1719619200000,2
physical,2024,6,26,1719705600000,7
physical,2024,7,27,1719878400000,5
physical,2024,7,27,1719964800000,1
physical,2024,7,27,1720137600000,4
physical,2024,7,27,1720224000000,5
physical,2024,7,27,1720310400000,5
physical,2024,7,28,1720396800000,9
physical,2024,7,28,1720483200000,8
physical,2024,7,28,1720569600000,6
physical,2024,7,28,1720656000000,1
physical,2024,7,28,1720742400000,7
physical,2024,7,28,1720828800000,3
physical,2024,7,28,1720915200000,2
physical,2024,7,29,1721001600000,5
physical,2024,7,29,1721088000000,6
physical,2024,7,29,1721174400000,8
physical,2024,7,29,1721260800000,2
physical,2024,7,29,1721347200000,4
physical,2024,7,29,1721433600000,1
physical,2024,7,29,1721520000000,6
physical,2024,7,30,1721606400000,7
physical,2024,7,30,1721692800000,1
physical,2024,7,30,1721865600000,6
physical,2024,7,30,1722038400000,1
physical,2024,7,30,1722124800000,5
physical,2024,7,31,1722211200000,8
physical,2024,7,31,1722297600000,3
physical,2024,7,31,1722384000000,5
physical,2024,8,31,1722470400000,7
physical,2024,8,31,1722556800000,11
physical,2024,8,31,1722643200000,5
physical,2024,8,31,1722729600000,1
physical,2024,8,32,1722816000000,11
physical,2024,8,32,1722902400000,3
physical,2024,8,32,1722988800000,4
physical,2024,8,32,1723075200000,6
physical,2024,8,32,1723161600000,4
physical,2024,8,32,1723248000000,5
physical,2024,8,33,1723420800000,1
physical,2024,8,33,1723507200000,4
physical,2024,8,33,1723593600000,6
physical,2024,8,33,1723680000000,5
physical,2024,8,33,1723766400000,2
physical,2024,8,33,1723852800000,2
physical,2024,8,34,1724025600000,2
physical,2024,8,34,1724112000000,4
physical,2024,8,34,1724198400000,3
physical,2024,8,34,1724284800000,1
physical,2024,8,34,1724371200000,3
physical,2024,8,34,1724457600000,3
physical,2024,8,35,1724630400000,9
physical,2024,8,35,1724889600000,4
physical,2024,8,35,1725062400000,2
physical,2024,9,36,1725235200000,3
physical,2024,9,36,1725321600000,4
physical,2024,9,36,1725408000000,3
physical,2024,9,36,1725494400000,3
physical,2024,9,36,1725667200000,5
physical,2024,9,36,1725753600000,3
physical,2024,9,37,1725840000000,5
physical,2024,9,37,1725926400000,3
physical,2024,9,37,1726099200000,7
physical,2024,9,37,1726272000000,6
physical,2024,9,38,1726444800000,1
physical,2024,9,38,1726531200000,1
physical,2024,9,38,1726704000000,2
physical,2024,9,38,1726790400000,6
physical,2024,9,38,1726876800000,10
physical,2024,9,38,1726963200000,3
physical,2024,9,39,1727136000000,4
physical,2024,9,39,1727222400000,2
physical,2024,9,39,1727308800000,4
physical,2024,9,39,1727395200000,2
physical,2024,9,39,1727481600000,2
physical,2024,9,39,1727568000000,5
physical,2024,10,40,1727740800000,6
physical,2024,10,40,1727827200000,6
physical,2024,10,40,1727913600000,11
physical,2024,10,40,1728000000000,3
physical,2024,10,40,1728086400000,4
physical,2024,10,40,1728172800000,3
physical,2024,10,41,1728259200000,4
physical,2024,10,41,1728345600000,3
physical,2024,10,41,1728432000000,3
physical,2024,10,41,1728518400000,1
physical,2024,10,41,1728604800000,13
physical,2024,10,41,1728691200000,3
physical,2024,10,42,1728864000000,3
physical,2024,10,42,1729036800000,3
physical,2024,10,42,1729123200000,3
physical,2024,10,42,1729209600000,3
physical,2024,10,42,1729296000000,1
physical,2024,10,43,1729468800000,5
physical,2024,10,43,1729555200000,4
physical,2024,10,43,1729641600000,4
physical,2024,10,43,1729728000000,5
physical,2024,10,43,1729814400000,4
physical,2024,10,43,1729987200000,10
physical,2024,10,44,1730073600000,6
physical,2024,10,44,1730160000000,7
physical,2024,10,44,1730246400000,11
physical,2024,10,44,1730332800000,2
physical,2024,11,44,1730419200000,3
physical,2024,11,44,1730505600000,5
physical,2024,11,44,1730592000000,6
physical,2024,11,45,1730678400000,8
physical,2024,11,45,1730764800000,2
physical,2024,11,45,1730851200000,4
physical,2024,11,45,1730937600000,2
physical,2024,11,45,1731024000000,8
physical,2024,11,45,1731110400000,3
physical,2024,11,45,1731196800000,3
physical,2024,11,46,1731283200000,3
physical,2024,11,46,1731369600000,5
physical,2024,11,46,1731628800000,1
physical,2024,11,46,1731715200000,2
physical,2024,11,46,1731801600000,8
physical,2024,11,47,1731974400000,8
physical,2024,11,47,1732060800000,2
physical,2024,11,47,1732147200000,7
physical,2024,11,47,1732233600000,9
physical,2024,11,47,1732320000000,2
physical,2024,11,48,1732492800000,3
physical,2024,11,48,1732579200000,8
physical,2024,11,48,1732752000000,6
physical,2024,11,48,1732838400000,11
physical,2024,11,48,1732924800000,2
physical,2024,12,1,1735516800000,1
physical,2024,12,1,1735603200000,5
physical,2024,12,48,1733011200000,2
physical,2024,12,49,1733184000000,7
physical,2024,12,49,1733270400000,14
physical,2024,12,49,1733356800000,15
physical,2024,12,49,1733443200000,3
physical,2024,12,49,1733529600000,4
physical,2024,12,49,1733616000000,6
physical,2024,12,50,1733702400000,4
physical,2024,12,50,1733788800000,2
physical,2024,12,50,1733875200000,3
physical,2024,12,50,1733961600000,3
physical,2024,12,50,1734048000000,4
physical,2024,12,50,1734134400000,1
physical,2024,12,50,1734220800000,2
physical,2024,12,51,1734307200000,4
physical,2024,12,51,1734393600000,3
physical,2024,12,51,1734480000000,6
physical,2024,12,51,1734566400000,9
physical,2024,12,51,1734652800000,8
physical,2024,12,51,1734739200000,6
physical,2024,12,51,1734825600000,3
physical,2024,12,52,1734912000000,3
physical,2024,12,52,1734998400000,1
physical,2024,12,52,1735171200000,6
physical,2024,12,52,1735257600000,3
physical,2024,12,52,1735344000000,3
physical,2024,12,52,1735430400000,4
physical,2025,1,1,1735689600000,4
physical,2025,1,1,1735776000000,2
physical,2025,1,1,1735862400000,2
physical,2025,1,1,1735948800000,2
physical,2025,1,1,1736035200000,2
physical,2025,1,2,1736121600000,5
physical,2025,1,2,1736208000000,5
physical,2025,1,2,1736294400000,2
physical,2025,1,2,1736380800000,3
physical,2025,1,2,1736467200000,2
physical,2025,1,2,1736553600000,3
physical,2025,1,2,1736640000000,7
physical,2025,1,3,1736726400000,5
physical,2025,1,3,1736812800000,7
physical,2025,1,3,1736899200000,10
physical,2025,1,3,1737072000000,5
physical,2025,1,3,1737244800000,1
physical,2025,1,4,1737331200000,1
physical,2025,1,4,1737417600000,8
physical,2025,1,4,1737504000000,3
physical,2025,1,4,1737590400000,4
physical,2025,1,4,1737676800000,9
physical,2025,1,4,1737849600000,5
physical,2025,1,5,1737936000000,13
physical,2025,1,5,1738195200000,6
physical,2025,1,5,1738281600000,6
physical,2025,2,5,1738454400000,8
physical,2025,2,6,1738540800000,3
physical,2025,2,6,1738627200000,1
physical,2025,2,6,1738713600000,6
physical,2025,2,6,1738800000000,7
physical,2025,2,6,1738886400000,10
physical,2025,2,6,1738972800000,1
physical,2025,2,6,1739059200000,5
physical,2025,2,7,1739145600000,4
physical,2025,2,7,1739232000000,6
physical,2025,2,7,1739318400000,1
physical,2025,2,7,1739404800000,7
physical,2025,2,7,1739491200000,4
physical,2025,2,7,1739577600000,5
physical,2025,2,7,1739664000000,4
physical,2025,2,8,1739836800000,5
physical,2025,2,8,1740009600000,3
physical,2025,2,8,1740096000000,3
physical,2025,2,8,1740182400000,2
physical,2025,2,9,1740355200000,3
physical,2025,2,9,1740441600000,1
physical,2025,2,9,1740528000000,3
physical,2025,2,9,1740614400000,3
physical,2025,3,9,1740787200000,1
physical,2025,3,9,1740873600000,7
physical,2025,3,10,1740960000000,10
physical,2025,3,10,1741046400000,8
physical,2025,3,10,1741219200000,2
physical,2025,3,10,1741392000000,1
physical,2025,3,10,1741478400000,9
physical,2025,3,11,1741564800000,1
physical,2025,3,11,1741651200000,3
physical,2025,3,11,1741737600000,5
physical,2025,3,11,1741824000000,2
physical,2025,3,11,1741910400000,7
physical,2025,3,11,1742083200000,3
physical,2025,3,12,1742169600000,8
physical,2025,3,12,1742342400000,3
physical,2025,3,12,1742428800000,1
physical,2025,3,12,1742515200000,4
physical,2025,3,12,1742601600000,3
physical,2025,3,13,1742774400000,2
physical,2025,3,13,1742860800000,5
physical,2025,3,13,1742947200000,8
physical,2025,3,13,1743033600000,3
physical,2025,3,13,1743120000000,7
physical,2025,3,13,1743206400000,4
physical,2025,3,13,1743292800000,8
physical,2025,3,14,1743379200000,7
physical,2025,4,14,1743638400000,11
physical,2025,4,14,1743724800000,2
physical,2025,4,14,1743811200000,3
physical,2025,4,15,1744070400000,5
physical,2025,4,15,1744156800000,4
physical,2025,4,15,1744243200000,3
physical,2025,4,15,1744329600000,8
physical,2025,4,15,1744416000000,1
physical,2025,4,15,1744502400000,3
physical,2025,4,16,1744588800000,4
physical,2025,4,16,1744675200000,6
physical,2025,4,16,1744761600000,3
physical,2025,4,16,1744934400000,8
physical,2025,4,16,1745107200000,7
physical,2025,4,17,1745193600000,2
physical,2025,4,17,1745280000000,5
physical,2025,4,17,1745366400000,6
physical,2025,4,17,1745539200000,7
physical,2025,4,17,1745625600000,3
physical,2025,4,17,1745712000000,1
physical,2025,4,18,1745884800000,7
physical,2025,5,18,1746057600000,6
physical,2025,5,18,1746144000000,2
physical,2025,5,18,1746316800000,4
physical,2025,5,19,1746403200000,8
physical,2025,5,19,1746489600000,6
physical,2025,5,19,1746576000000,2
physical,2025,5,19,1746662400000,8
physical,2025,5,19,1746748800000,3
physical,2025,5,20,1747008000000,3
physical,2025,5,20,1747180800000,1
physical,2025,5,20,1747267200000,5
physical,2025,5,20,1747353600000,2
physical,2025,5,20,1747440000000,3
physical,2025,5,20,1747526400000,3
physical,2025,5,21,1747612800000,7
physical,2025,5,21,1747699200000,4
physical,2025,5,21,1747958400000,2
physical,2025,5,21,1748044800000,4
physical,2025,5,21,1748131200000,10
physical,2025,5,22,1748217600000,5
physical,2025,5,22,1748304000000,10
physical,2025,5,22,1748563200000,7
physical,2025,5,22,1748649600000,6
physical,2025,6,22,1748736000000,3
physical,2025,6,23,1748822400000,6
physical,2025,6,23,1748908800000,4
physical,2025,6,23,1748995200000,8
physical,2025,6,23,1749081600000,7
physical,2025,6,23,1749168000000,5
physical,2025,6,23,1749254400000,7
physical,2025,6,23,1749340800000,6
physical,2025,6,24,1749427200000,8
physical,2025,6,24,1749600000000,2
physical,2025,6,24,1749686400000,1
physical,2025,6,24,1749772800000,5
physical,2025,6,24,1749859200000,5
physical,2025,6,24,1749945600000,4
physical,2025,6,25,1750032000000,6
physical,2025,6,25,1750118400000,6
physical,2025,6,25,1750204800000,3
physical,2025,6,25,1750464000000,4
physical,2025,6,25,1750550400000,4
physical,2025,6,26,1750636800000,5
physical,2025,6,26,1750723200000,4
physical,2025,6,26,1750809600000,5
physical,2025,6,26,1750896000000,8
physical,2025,6,26,1750982400000,6
physical,2025,6,26,1751068800000,6
physical,2025,6,26,1751155200000,3
physical,2025,6,27,1751241600000,2
physical,2025,7,27,1751328000000,3
physical,2025,7,27,1751414400000,3
physical,2025,7,27,1751500800000,4
physical,2025,7,27,1751673600000,10
physical,2025,7,27,1751760000000,2
physical,2025,7,28,1751846400000,11
physical,2025,7,28,1751932800000,5
physical,2025,7,28,1752019200000,5
physical,2025,7,28,1752192000000,3
physical,2025,7,28,1752278400000,1
physical,2025,7,28,1752364800000,3
physical,2025,7,29,1752451200000,10
physical,2025,7,29,1752537600000,4
physical,2025,7,29,1752624000000,4
physical,2025,7,29,1752710400000,5
physical,2025,7,29,1752796800000,2
physical,2025,7,29,1752883200000,3
physical,2025,7,29,1752969600000,3
physical,2025,7,30,1753056000000,10
physical,2025,7,30,1753142400000,7
physical,2025,7,30,1753228800000,4
physical,2025,7,30,1753315200000,1
physical,2025,7,30,1753401600000,3
physical,2025,7,30,1753488000000,5
physical,2025,7,30,1753574400000,2
physical,2025,7,31,1753660800000,2
physical,2025,7,31,1753747200000,5
physical,2025,7,31,1753833600000,7
physical,2025,7,31,1753920000000,5
physical,2025,8,31,1754006400000,4
physical,2025,8,31,1754092800000,8
physical,2025,8,32,1754265600000,5
physical,2025,8,32,1754352000000,2
physical,2025,8,32,1754438400000,5
physical,2025,8,32,1754524800000,1
physical,2025,8,32,1754611200000,2
physical,2025,8,32,1754697600000,6
physical,2025,8,32,1754784000000,1
physical,2025,8,33,1754870400000,2
physical,2025,8,33,1754956800000,6
physical,2025,8,33,1755043200000,4
physical,2025,8,33,1755216000000,4
physical,2025,8,33,1755302400000,3
physical,2025,8,33,1755388800000,6
physical,2025,8,34,1755475200000,4
physical,2025,8,34,1755561600000,3
physical,2025,8,34,1755734400000,7
physical,2025,8,34,1755820800000,3
physical,2025,8,34,1755907200000,2
physical,2025,8,34,1755993600000,5
physical,2025,8,35,1756080000000,7
physical,2025,8,35,1756166400000,7
physical,2025,8,35,1756252800000,1
physical,2025,8,35,1756339200000,2
physical,2025,8,35,1756425600000,12
physical,2025,8,35,1756512000000,10
physical,2025,8,35,1756598400000,2
physical,2025,9,36,1756684800000,12
physical,2025,9,36,1756771200000,1
physical,2025,9,36,1756857600000,8
physical,2025,9,36,1756944000000,7
physical,2025,9,36,1757030400000,4
physical,2025,9,36,1757116800000,4
physical,2025,9,36,1757203200000,3
physical,2025,9,37,1757289600000,5
physical,2025,9,37,1757376000000,4
physical,2025,9,37,1757462400000,5
physical,2025,9,37,1757548800000,4
physical,2025,9,37,1757635200000,3
physical,2025,9,37,1757721600000,3
physical,2025,9,38,1757894400000,3
physical,2025,9,38,1758067200000,7
physical,2025,9,38,1758153600000,1
physical,2025,9,38,1758240000000,3
physical,2025,9,38,1758326400000,6
physical,2025,9,38,1758412800000,3
physical,2025,9,39,1758499200000,2
physical,2025,9,39,1758585600000,15
physical,2025,9,39,1758672000000,4
physical,2025,9,39,1758758400000,1
physical,2025,9,39,1758844800000,3
physical,2025,9,39,1758931200000,5
physical,2025,9,39,1759017600000,4
physical,2025,9,40,1759104000000,4
physical,2025,9,40,1759190400000,6
physical,2025,10,40,1759276800000,3
physical,2025,10,40,1759536000000,5
physical,2025,10,40,1759622400000,6
physical,2025,10,41,1759708800000,5
physical,2025,10,41,1759795200000,6
physical,2025,10,41,1759881600000,4
physical,2025,10,41,1759968000000,4
physical,2025,10,41,1760054400000,9
physical,2025,10,42,1760313600000,4
physical,2025,10,42,1760400000000,4
physical,2025,10,42,1760486400000,6
physical,2025,10,42,1760572800000,3
physical,2025,10,42,1760659200000,3
physical,2025,10,42,1760745600000,5
physical,2025,10,42,1760832000000,7
physical,2025,10,43,1760918400000,5
physical,2025,10,43,1761004800000,6
physical,2025,10,43,1761091200000,4
physical,2025,10,43,1761177600000,3
physical,2025,10,43,1761264000000,3
physical,2025,10,43,1761350400000,3
physical,2025,10,43,1761436800000,1
physical,2025,10,44,1761523200000,2
physical,2025,10,44,1761609600000,1
physical,2025,10,44,1761696000000,5
physical,2025,10,44,1761782400000,5
physical,2025,10,44,1761868800000,5
physical,2025,11,44,1761955200000,4
physical,2025,11,44,1762041600000,5
physical,2025,11,45,1762128000000,7
physical,2025,11,45,1762214400000,7
physical,2025,11,45,1762300800000,5
physical,2025,11,45,1762387200000,6
physical,2025,11,45,1762473600000,3
physical,2025,11,45,1762560000000,1
physical,2025,11,45,1762646400000,8
physical,2025,11,46,1762732800000,5
physical,2025,11,46,1762905600000,2
physical,2025,11,46,1762992000000,3
physical,2025,11,46,1763078400000,6
physical,2025,11,46,1763164800000,3
physical,2025,11,47,1763337600000,7
physical,2025,11,47,1763424000000,7
physical,2025,11,47,1763510400000,6
physical,2025,11,47,1763596800000,12
physical,2025,11,47,1763683200000,6
physical,2025,11,47,1763769600000,7
physical,2025,11,47,1763856000000,4
physical,2025,11,48,1764028800000,3
physical,2025,11,48,1764201600000,8
physical,2025,11,48,1764288000000,5
physical,2025,11,48,1764460800000,2
physical,2025,12,1,1767139200000,2
physical,2025,12,49,1764547200000,4
physical,2025,12,49,1764633600000,10
physical,2025,12,49,1764720000000,10
physical,2025,12,49,1764806400000,4
physical,2025,12,49,1764892800000,11
physical,2025,12,50,1765152000000,4
physical,2025,12,50,1765238400000,6
physical,2025,12,50,1765324800000,6
physical,2025,12,50,1765411200000,6
physical,2025,12,50,1765497600000,2
physical,2025,12,50,1765584000000,8
physical,2025,12,50,1765670400000,2
physical,2025,12,51,1765756800000,3
physical,2025,12,51,1765843200000,4
physical,2025,12,51,1765929600000,2
physical,2025,12,51,1766016000000,3
physical,2025,12,51,1766102400000,6
physical,2025,12,51,1766188800000,5
physical,2025,12,51,1766275200000,4
physical,2025,12,52,1766361600000,8
physical,2025,12,52,1766448000000,7
physical,2025,12,52,1766534400000,4
physical,2025,12,52,1766620800000,12
physical,2025,12,52,1766707200000,11
physical,2025,12,52,1766793600000,5
physical,2025,12,52,1766880000000,5
