shop,year,month,week,day,total_revenue
online,1970,1,1,0,5683.84
physical,2019,1,1,1546300800000,97.5
physical,2019,1,1,1546387200000,120.42
physical,2019,1,1,1546473600000,111.81
physical,2019,1,1,1546560000000,84.54
physical,2019,1,1,1546646400000,107.2
physical,2019,1,1,1546732800000,138.9
physical,2019,1,2,1546819200000,85.26
physical,2019,1,2,1546905600000,95.38
physical,2019,1,2,1547078400000,192.76
physical,2019,1,2,1547164800000,102.32
physical,2019,1,2,1547251200000,53.93
physical,2019,1,2,1547337600000,37.33
physical,2019,1,3,1547424000000,70.95
physical,2019,1,3,1547510400000,47.92
physical,2019,1,3,1547683200000,117.76
physical,2019,1,3,1547769600000,32.0
physical,2019,1,3,1547942400000,130.05
physical,2019,1,4,1548028800000,465.0
physical,2019,1,4,1548115200000,271.18
physical,2019,1,4,1548201600000,27.46
physical,2019,1,4,1548288000000,66.96
physical,2019,1,4,1548374400000,84.1
physical,2019,1,4,1548460800000,74.19
physical,2019,1,4,1548547200000,46.01
physical,2019,1,5,1548633600000,285.49
physical,2019,1,5,1548720000000,21.18
physical,2019,1,5,1548806400000,259.68
physical,2019,1,5,1548892800000,99.52
physical,2019,2,5,1549065600000,133.95
physical,2019,2,5,1549152000000,286.12
physical,2019,2,6,1549238400000,237.21
physical,2019,2,6,1549324800000,176.05
physical,2019,2,6,1549411200000,70.05
physical,2019,2,6,1549497600000,201.67
physical,2019,2,6,1549584000000,17.99
physical,2019,2,6,1549670400000,97.58
physical,2019,2,6,1549756800000,187.49
physical,2019,2,7,1549843200000,38.58
physical,2019,2,7,1549929600000,132.86
physical,2019,2,7,1550016000000,93.94
physical,2019,2,7,1550102400000,89.9
physical,2019,2,7,1550188800000,212.63
physical,2019,2,7,1550275200000,26.7
physical,2019,2,7,1550361600000,63.18
physical,2019,2,8,1550448000000,149.03
physical,2019,2,8,1550534400000,38.55
physical,2019,2,8,1550620800000,15.02
physical,2019,2,8,1550793600000,175.53
physical,2019,2,8,1550880000000,129.66
physical,2019,2,8,1550966400000,200.86
physical,2019,2,9,1551052800000,186.21
physical,2019,2,9,1551139200000,22.72
physical,2019,2,9,1551225600000,143.97
physical,2019,2,9,1551312000000,100.08
physical,2019,3,9,1551484800000,42.99
physical,2019,3,9,1551571200000,251.72
physical,2019,3,10,1551657600000,50.96
physical,2019,3,10,1551830400000,99.37
physical,2019,3,10,1551916800000,210.93
physical,2019,3,10,1552089600000,168.23
physical,2019,3,10,1552176000000,171.93
physical,2019,3,11,1552262400000,43.09
physical,2019,3,11,1552348800000,223.02
physical,2019,3,11,1552435200000,51.76
physical,2019,3,11,1552521600000,180.87
physical,2019,3,11,1552608000000,113.29
physical,2019,3,11,1552694400000,160.98
physical,2019,3,12,1552867200000,14.89
physical,2019,3,12,1553126400000,175.05
physical,2019,3,12,1553299200000,125.78
physical,2019,3,12,1553385600000,54.0
physical,2019,3,13,1553472000000,118.42
physical,2019,3,13,1553558400000,60.46
physical,2019,3,13,1553644800000,124.86
physical,2019,3,13,1553731200000,58.48
physical,2019,3,13,1553817600000,147.58
physical,2019,3,13,1553904000000,64.84
physical,2019,4,14,1554076800000,133.96
physical,2019,4,14,1554163200000,141.55
physical,2019,4,14,1554249600000,182.84
physical,2019,4,14,1554336000000,114.19
physical,2019,4,14,1554422400000,160.1
physical,2019,4,14,1554508800000,104.99
physical,2019,4,14,1554595200000,355.75
physical,2019,4,15,1554681600000,44.78
physical,2019,4,15,1554768000000,187.83
physical,2019,4,15,1554940800000,106.95
physical,2019,4,15,1555027200000,48.0
physical,2019,4,15,1555113600000,60.57
physical,2019,4,15,1555200000000,65.69
physical,2019,4,16,1555372800000,89.53
physical,2019,4,16,1555459200000,43.08
physical,2019,4,16,1555718400000,25.4
physical,2019,4,16,1555804800000,74.31
physical,2019,4,17,1555891200000,116.7
physical,2019,4,17,1555977600000,35.37
physical,2019,4,17,1556064000000,15.16
physical,2019,4,17,1556150400000,169.99
physical,2019,4,17,1556236800000,249.26
physical,2019,4,17,1556323200000,255.7
physical,2019,4,17,1556409600000,77.25
physical,2019,4,18,1556496000000,303.81
physical,2019,4,18,1556582400000,86.06
physical,2019,5,18,1556668800000,298.15
physical,2019,5,18,1556755200000,245.1
physical,2019,5,18,1556841600000,49.83
physical,2019,5,18,1556928000000,56.34
physical,2019,5,18,1557014400000,68.93
physical,2019,5,19,1557187200000,109.42
physical,2019,5,19,1557273600000,103.71
physical,2019,5,19,1557360000000,429.21
physical,2019,5,19,1557446400000,149.14
physical,2019,5,19,1557532800000,181.63
physical,2019,5,20,1557705600000,165.42
physical,2019,5,20,1557792000000,223.85
physical,2019,5,20,1557878400000,51.24
physical,2019,5,20,1557964800000,157.48
physical,2019,5,20,1558051200000,165.46
physical,2019,5,20,1558224000000,32.4
physical,2019,5,21,1558310400000,151.08
physical,2019,5,21,1558396800000,20.98
physical,2019,5,21,1558483200000,231.66
physical,2019,5,21,1558569600000,49.68
physical,2019,5,21,1558742400000,21.28
physical,2019,5,21,1558828800000,202.92
physical,2019,5,22,1558915200000,196.13
physical,2019,5,22,1559001600000,286.05
physical,2019,5,22,1559088000000,56.67
physical,2019,5,22,1559174400000,211.21
physical,2019,5,22,1559260800000,44.71
physical,2019,6,22,1559347200000,133.72
physical,2019,6,22,1559433600000,108.72
physical,2019,6,23,1559520000000,121.6
physical,2019,6,23,1559606400000,160.18
physical,2019,6,23,1559692800000,380.84
physical,2019,6,23,1559779200000,295.54
physical,2019,6,23,1559865600000,87.04
physical,2019,6,23,1559952000000,260.87
physical,2019,6,23,1560038400000,128.82
physical,2019,6,24,1560124800000,128.23
physical,2019,6,24,1560211200000,38.67
physical,2019,6,24,1560297600000,245.22
physical,2019,6,24,1560384000000,178.71
physical,2019,6,24,1560470400000,64.38
physical,2019,6,24,1560556800000,76.9
physical,2019,6,24,1560643200000,203.95
physical,2019,6,25,1560729600000,84.76
physical,2019,6,25,1560902400000,161.29
physical,2019,6,25,1560988800000,153.64
physical,2019,6,25,1561075200000,102.68
physical,2019,6,25,1561161600000,150.02
physical,2019,6,25,1561248000000,115.23
physical,2019,6,26,1561334400000,119.95
physical,2019,6,26,1561420800000,91.08
physical,2019,6,26,1561507200000,106.65
physical,2019,6,26,1561593600000,85.74
physical,2019,6,26,1561680000000,90.39
physical,2019,6,26,1561766400000,128.04
physical,2019,6,26,1561852800000,138.36
physical,2019,7,27,1561939200000,223.29
physical,2019,7,27,1562025600000,88.65
physical,2019,7,27,1562112000000,169.82
physical,2019,7,27,1562198400000,30.69
physical,2019,7,27,1562371200000,108.12
physical,2019,7,27,1562457600000,66.08
physical,2019,7,28,1562544000000,145.14
physical,2019,7,28,1562630400000,81.23
physical,2019,7,28,1562889600000,181.82
physical,2019,7,28,1562976000000,141.98
physical,2019,7,28,1563062400000,101.85
physical,2019,7,29,1563148800000,215.82
physical,2019,7,29,1563235200000,197.3
physical,2019,7,29,1563321600000,328.78
physical,2019,7,29,1563408000000,182.82
physical,2019,7,29,1563494400000,83.55
physical,2019,7,29,1563580800000,103.32
physical,2019,7,29,1563667200000,218.51
physical,2019,7,30,1563753600000,70.98
physical,2019,7,30,1563840000000,346.79
physical,2019,7,30,1563926400000,203.39
physical,2019,7,30,1564012800000,469.54
physical,2019,7,30,1564185600000,137.05
physical,2019,7,30,1564272000000,226.37
physical,2019,7,31,1564358400000,76.34
physical,2019,8,31,1564617600000,40.71
physical,2019,8,31,1564704000000,144.0
physical,2019,8,31,1564790400000,370.91
physical,2019,8,31,1564876800000,147.3
physical,2019,8,32,1564963200000,15.2
physical,2019,8,32,1565049600000,105.39
physical,2019,8,32,1565136000000,81.06
physical,2019,8,32,1565222400000,77.99
physical,2019,8,32,1565308800000,135.11
physical,2019,8,32,1565395200000,81.18
physical,2019,8,32,1565481600000,338.24
physical,2019,8,33,1565568000000,117.42
physical,2019,8,33,1565654400000,178.81
physical,2019,8,33,1565740800000,481.08
physical,2019,8,33,1565827200000,172.15
physical,2019,8,33,1565913600000,62.85
physical,2019,8,33,1566000000000,356.63
physical,2019,8,34,1566172800000,94.12
physical,2019,8,34,1566259200000,107.79
physical,2019,8,34,1566345600000,41.57
physical,2019,8,34,1566432000000,30.07
physical,2019,8,34,1566518400000,136.19
physical,2019,8,34,1566691200000,369.09
physical,2019,8,35,1566777600000,54.06
physical,2019,8,35,1566864000000,338.68
physical,2019,8,35,1566950400000,21.08
physical,2019,8,35,1567036800000,10.45
physical,2019,8,35,1567123200000,155.0
physical,2019,8,35,1567209600000,190.89
physical,2019,9,35,1567296000000,171.62
physical,2019,9,36,1567382400000,171.06
physical,2019,9,36,1567468800000,119.75
physical,2019,9,36,1567555200000,107.7
physical,2019,9,36,1567641600000,64.42
physical,2019,9,36,1567900800000,83.91
physical,2019,9,37,1567987200000,46.29
physical,2019,9,37,1568073600000,186.13
physical,2019,9,37,1568160000000,252.27
physical,2019,9,37,1568246400000,11.05
physical,2019,9,37,1568505600000,32.36
physical,2019,9,38,1568592000000,203.1
physical,2019,9,38,1568678400000,53.34
physical,2019,9,38,1568764800000,230.7
physical,2019,9,38,1568851200000,87.6
physical,2019,9,38,1568937600000,92.22
physical,2019,9,38,1569024000000,43.52
physical,2019,9,38,1569110400000,235.84
physical,2019,9,39,1569196800000,149.82
physical,2019,9,39,1569283200000,133.65
physical,2019,9,39,1569369600000,289.99
physical,2019,9,39,1569456000000,20.69
physical,2019,9,39,1569542400000,30.83
physical,2019,9,39,1569628800000,14.77
physical,2019,9,39,1569715200000,278.13
physical,2019,10,40,1569888000000,180.77
physical,2019,10,40,1569974400000,119.81
physical,2019,10,40,1570060800000,17.78
physical,2019,10,40,1570147200000,219.22
physical,2019,10,40,1570233600000,74.32
physical,2019,10,41,1570406400000,120.61
physical,2019,10,41,1570579200000,132.49
physical,2019,10,41,1570665600000,118.91
physical,2019,10,41,1570752000000,397.41
physical,2019,10,41,1570838400000,24.05
physical,2019,10,41,1570924800000,20.47
physical,2019,10,42,1571097600000,17.54
physical,2019,10,42,1571184000000,292.4
physical,2019,10,42,1571270400000,129.56
physical,2019,10,42,1571356800000,43.72
physical,2019,10,42,1571443200000,30.42
physical,2019,10,42,1571529600000,141.17
physical,2019,10,43,1571616000000,44.5
physical,2019,10,43,1571702400000,61.34
physical,2019,10,43,1571788800000,133.85
physical,2019,10,43,1571875200000,38.58
physical,2019,10,43,1571961600000,229.53
physical,2019,10,43,1572048000000,170.63
physical,2019,10,43,1572134400000,251.76
physical,2019,10,44,1572220800000,186.93
physical,2019,10,44,1572307200000,130.8
physical,2019,10,44,1572393600000,212.72
physical,2019,11,44,1572566400000,30.38
physical,2019,11,44,1572652800000,161.99
physical,2019,11,44,1572739200000,44.61
physical,2019,11,45,1572825600000,178.3
physical,2019,11,45,1572912000000,38.37
physical,2019,11,45,1572998400000,104.05
physical,2019,11,45,1573171200000,284.22
physical,2019,11,45,1573257600000,121.44
physical,2019,11,45,1573344000000,32.28
physical,2019,11,46,1573430400000,42.81
physical,2019,11,46,1573516800000,238.29
physical,2019,11,46,1573603200000,144.71
physical,2019,11,46,1573689600000,64.56
physical,2019,11,46,1573776000000,47.49
physical,2019,11,46,1573948800000,27.3
physical,2019,11,47,1574035200000,40.03
physical,2019,11,47,1574121600000,163.07
physical,2019,11,47,1574208000000,193.68
physical,2019,11,47,1574294400000,200.52
physical,2019,11,47,1574380800000,140.34
physical,2019,11,47,1574553600000,37.78
physical,2019,11,48,1574640000000,86.49
physical,2019,11,48,1574726400000,136.85
physical,2019,11,48,1574812800000,108.24
physical,2019,11,48,1574899200000,71.98
physical,2019,11,48,1574985600000,195.11
physical,2019,12,1,1577664000000,198.24
physical,2019,12,1,1577750400000,26.68
physical,2019,12,48,1575158400000,63.18
physical,2019,12,49,1575244800000,148.02
physical,2019,12,49,1575417600000,148.26
physical,2019,12,49,1575504000000,179.69
physical,2019,12,49,1575590400000,157.18
physical,2019,12,49,1575676800000,300.13
physical,2019,12,49,1575763200000,169.11
physical,2019,12,50,1575849600000,227.66
physical,2019,12,50,1575936000000,109.04
physical,2019,12,50,1576108800000,112.67
physical,2019,12,50,1576195200000,211.49
physical,2019,12,50,1576281600000,71.34
physical,2019,12,50,1576368000000,360.28
physical,2019,12,51,1576540800000,30.91
physical,2019,12,51,1576627200000,462.61
physical,2019,12,51,1576713600000,201.19
physical,2019,12,51,1576886400000,92.26
physical,2019,12,52,1577059200000,90.54
physical,2019,12,52,1577232000000,65.43
physical,2019,12,52,1577318400000,166.14
physical,2019,12,52,1577491200000,318.26
physical,2019,12,52,1577577600000,22.76
physical,2020,1,1,1577836800000,198.55
physical,2020,1,1,1577923200000,87.48
physical,2020,1,1,1578009600000,122.48
physical,2020,1,1,1578096000000,154.63
physical,2020,1,1,1578182400000,57.86
physical,2020,1,2,1578355200000,123.92
physical,2020,1,2,1578441600000,42.98
physical,2020,1,2,1578528000000,118.14
physical,2020,1,2,1578614400000,215.11
physical,2020,1,2,1578700800000,71.1
physical,2020,1,2,1578787200000,47.18
physical,2020,1,3,1578873600000,235.05
physical,2020,1,3,1578960000000,104.99
physical,2020,1,3,1579046400000,172.8
physical,2020,1,3,1579132800000,380.11
physical,2020,1,3,1579219200000,47.67
physical,2020,1,3,1579305600000,58.3
physical,2020,1,4,1579478400000,100.14
physical,2020,1,4,1579564800000,263.12
physical,2020,1,4,1579651200000,276.58
physical,2020,1,4,1579737600000,75.22
physical,2020,1,4,1579824000000,44.2
physical,2020,1,4,1579910400000,57.93
physical,2020,1,4,1579996800000,159.64
physical,2020,1,5,1580083200000,98.61
physical,2020,1,5,1580169600000,35.84
physical,2020,1,5,1580256000000,96.5
physical,2020,1,5,1580342400000,91.41
physical,2020,1,5,1580428800000,112.69
physical,2020,2,5,1580515200000,444.24
physical,2020,2,5,1580601600000,141.06
physical,2020,2,6,1580688000000,204.37
physical,2020,2,6,1580860800000,176.53
physical,2020,2,6,1580947200000,297.67
physical,2020,2,6,1581033600000,51.9
physical,2020,2,6,1581120000000,197.32
physical,2020,2,6,1581206400000,252.09
physical,2020,2,7,1581292800000,124.84
physical,2020,2,7,1581379200000,236.39
physical,2020,2,7,1581465600000,73.03
physical,2020,2,7,1581552000000,64.37
physical,2020,2,7,1581638400000,80.05
physical,2020,2,7,1581724800000,172.01
physical,2020,2,8,1581897600000,228.78
physical,2020,2,8,1581984000000,353.58
physical,2020,2,8,1582070400000,40.99
physical,2020,2,8,1582156800000,74.79
physical,2020,2,8,1582243200000,38.85
physical,2020,2,8,1582329600000,225.4
physical,2020,2,8,1582416000000,305.94
physical,2020,2,9,1582502400000,208.87
physical,2020,2,9,1582588800000,93.42
physical,2020,2,9,1582675200000,208.66
physical,2020,2,9,1582761600000,160.83
physical,2020,2,9,1582848000000,148.86
physical,2020,2,9,1582934400000,24.24
physical,2020,3,9,1583020800000,140.34
physical,2020,3,10,1583107200000,166.62
physical,2020,3,10,1583280000000,72.15
physical,2020,3,10,1583366400000,94.72
physical,2020,3,10,1583452800000,38.0
physical,2020,3,10,1583539200000,208.53
physical,2020,3,10,1583625600000,172.51
physical,2020,3,11,1583798400000,165.23
physical,2020,3,11,1583884800000,87.87
physical,2020,3,11,1583971200000,49.08
physical,2020,3,11,1584057600000,302.55
physical,2020,3,11,1584230400000,37.44
physical,2020,3,12,1584316800000,271.34
physical,2020,3,12,1584403200000,33.69
physical,2020,3,12,1584576000000,55.38
physical,2020,3,12,1584662400000,299.27
physical,2020,3,12,1584748800000,74.08
physical,2020,3,12,1584835200000,21.85
physical,2020,3,13,1584921600000,46.91
physical,2020,3,13,1585008000000,45.14
physical,2020,3,13,1585094400000,324.89
physical,2020,3,13,1585180800000,46.04
physical,2020,3,13,1585267200000,340.76
physical,2020,3,13,1585353600000,38.64
physical,2020,3,14,1585526400000,57.03
physical,2020,3,14,1585612800000,203.35
physical,2020,4,14,1585699200000,72.17
physical,2020,4,14,1585785600000,298.69
physical,2020,4,14,1585872000000,71.86
physical,2020,4,14,1585958400000,151.98
physical,2020,4,14,1586044800000,174.33
physical,2020,4,15,1586131200000,94.29
physical,2020,4,15,1586217600000,97.26
physical,2020,4,15,1586304000000,60.01
physical,2020,4,15,1586390400000,99.81
physical,2020,4,15,1586476800000,146.12
physical,2020,4,15,1586563200000,211.86
physical,2020,4,15,1586649600000,67.83
physical,2020,4,16,1586736000000,97.82
physical,2020,4,16,1586822400000,13.31
physical,2020,4,16,1586908800000,37.14
physical,2020,4,16,1586995200000,40.62
physical,2020,4,16,1587081600000,30.69
physical,2020,4,16,1587254400000,123.64
physical,2020,4,17,1587340800000,65.4
physical,2020,4,17,1587427200000,155.69
physical,2020,4,17,1587513600000,141.14
physical,2020,4,17,1587686400000,46.1
physical,2020,4,17,1587859200000,140.14
physical,2020,4,18,1587945600000,104.63
physical,2020,4,18,1588032000000,143.72
physical,2020,4,18,1588118400000,119.47
physical,2020,4,18,1588204800000,149.65
physical,2020,5,18,1588291200000,301.59
physical,2020,5,18,1588377600000,248.75
physical,2020,5,18,1588464000000,121.71
physical,2020,5,19,1588550400000,21.37
physical,2020,5,19,1588723200000,162.14
physical,2020,5,19,1588809600000,224.85
physical,2020,5,19,1588896000000,98.58
physical,2020,5,19,1589068800000,69.91
physical,2020,5,20,1589155200000,150.7
physical,2020,5,20,1589241600000,145.61
physical,2020,5,20,1589328000000,179.25
physical,2020,5,20,1589414400000,174.21
physical,2020,5,20,1589500800000,77.25
physical,2020,5,20,1589587200000,45.49
physical,2020,5,20,1589673600000,145.44
physical,2020,5,21,1589760000000,21.36
physical,2020,5,21,1589846400000,181.49
physical,2020,5,21,1589932800000,44.49
physical,2020,5,21,1590019200000,101.49
physical,2020,5,21,1590105600000,48.82
physical,2020,5,21,1590192000000,150.19
physical,2020,5,21,1590278400000,327.92
physical,2020,5,22,1590364800000,235.58
physical,2020,5,22,1590451200000,59.18
physical,2020,5,22,1590537600000,270.42
physical,2020,5,22,1590624000000,276.2
physical,2020,5,22,1590796800000,111.63
physical,2020,6,23,1590969600000,113.73
physical,2020,6,23,1591056000000,93.8
physical,2020,6,23,1591142400000,257.01
physical,2020,6,23,1591228800000,96.3
physical,2020,6,23,1591401600000,88.59
physical,2020,6,23,1591488000000,146.7
physical,2020,6,24,1591574400000,86.74
physical,2020,6,24,1591660800000,145.65
physical,2020,6,24,1591747200000,180.16
physical,2020,6,24,1591833600000,141.72
physical,2020,6,24,1591920000000,15.83
physical,2020,6,24,1592006400000,89.18
physical,2020,6,25,1592179200000,126.39
physical,2020,6,25,1592265600000,69.78
physical,2020,6,25,1592352000000,57.72
physical,2020,6,25,1592438400000,390.11
physical,2020,6,25,1592524800000,220.05
physical,2020,6,25,1592611200000,99.62
physical,2020,6,25,1592697600000,126.66
physical,2020,6,26,1592784000000,176.07
physical,2020,6,26,1592870400000,79.73
physical,2020,6,26,1593043200000,213.86
physical,2020,6,26,1593129600000,297.21
physical,2020,6,26,1593216000000,316.76
physical,2020,6,26,1593302400000,75.88
physical,2020,6,27,1593388800000,65.66
physical,2020,6,27,1593475200000,148.19
physical,2020,7,27,1593561600000,46.97
physical,2020,7,27,1593648000000,475.14
physical,2020,7,27,1593734400000,55.18
physical,2020,7,27,1593820800000,21.74
physical,2020,7,27,1593907200000,76.76
physical,2020,7,28,1594080000000,163.46
physical,2020,7,28,1594166400000,221.01
physical,2020,7,28,1594252800000,66.07
physical,2020,7,28,1594339200000,34.41
physical,2020,7,28,1594425600000,75.77
physical,2020,7,28,1594512000000,39.34
physical,2020,7,29,1594598400000,277.1
physical,2020,7,29,1594684800000,250.24
physical,2020,7,29,1594771200000,117.29
physical,2020,7,29,1594857600000,36.58
physical,2020,7,29,1594944000000,128.44
physical,2020,7,29,1595030400000,221.73
physical,2020,7,30,1595203200000,38.6
physical,2020,7,30,1595289600000,95.3
physical,2020,7,30,1595376000000,57.1
physical,2020,7,30,1595462400000,62.94
physical,2020,7,30,1595548800000,218.66
physical,2020,7,30,1595721600000,86.97
physical,2020,7,31,1595808000000,158.1
physical,2020,7,31,1595894400000,190.99
physical,2020,7,31,1595980800000,179.17
physical,2020,7,31,1596067200000,171.49
physical,2020,8,31,1596240000000,288.71
physical,2020,8,31,1596326400000,136.4
physical,2020,8,32,1596412800000,118.23
physical,2020,8,32,1596499200000,178.06
physical,2020,8,32,1596585600000,359.91
physical,2020,8,32,1596672000000,304.13
physical,2020,8,32,1596758400000,260.32
physical,2020,8,32,1596844800000,103.39
physical,2020,8,32,1596931200000,81.04
physical,2020,8,33,1597017600000,57.39
physical,2020,8,33,1597104000000,94.16
physical,2020,8,33,1597190400000,76.17
physical,2020,8,33,1597276800000,120.84
physical,2020,8,33,1597363200000,111.31
physical,2020,8,33,1597449600000,133.91
physical,2020,8,34,1597622400000,217.85
physical,2020,8,34,1597795200000,367.12
physical,2020,8,34,1597881600000,45.47
physical,2020,8,34,1597968000000,44.21
physical,2020,8,34,1598054400000,377.6
physical,2020,8,35,1598227200000,264.95
physical,2020,8,35,1598313600000,151.47
physical,2020,8,35,1598400000000,326.98
physical,2020,8,35,1598486400000,109.29
physical,2020,8,35,1598572800000,142.71
physical,2020,8,35,1598659200000,45.23
physical,2020,8,35,1598745600000,441.69
physical,2020,8,36,1598832000000,288.25
physical,2020,9,36,1598918400000,180.4
physical,2020,9,36,1599004800000,240.62
physical,2020,9,36,1599091200000,37.92
physical,2020,9,36,1599177600000,94.75
physical,2020,9,36,1599350400000,243.33
physical,2020,9,37,1599436800000,210.85
physical,2020,9,37,1599523200000,78.63
physical,2020,9,37,1599609600000,189.39
physical,2020,9,37,1599696000000,107.96
physical,2020,9,37,1599868800000,90.44
physical,2020,9,37,1599955200000,283.02
physical,2020,9,38,1600041600000,23.05
physical,2020,9,38,1600128000000,60.62
physical,2020,9,38,1600214400000,351.24
physical,2020,9,38,1600300800000,111.38
physical,2020,9,38,1600387200000,129.06
physical,2020,9,38,1600473600000,146.3
physical,2020,9,38,1600560000000,127.86
physical,2020,9,39,1600646400000,136.68
physical,2020,9,39,1600732800000,220.11
physical,2020,9,39,1600905600000,128.39
physical,2020,9,39,1600992000000,228.44
physical,2020,9,39,1601078400000,191.94
physical,2020,9,39,1601164800000,155.7
physical,2020,9,40,1601251200000,179.98
physical,2020,9,40,1601337600000,144.3
physical,2020,9,40,1601424000000,142.89
physical,2020,10,40,1601510400000,223.87
physical,2020,10,40,1601596800000,51.1
physical,2020,10,40,1601683200000,336.62
physical,2020,10,40,1601769600000,115.63
physical,2020,10,41,1601856000000,19.84
physical,2020,10,41,1601942400000,260.33
physical,2020,10,41,1602115200000,262.74
physical,2020,10,41,1602201600000,113.1
physical,2020,10,41,1602288000000,128.97
physical,2020,10,41,1602374400000,82.11
physical,2020,10,42,1602460800000,141.78
physical,2020,10,42,1602547200000,30.88
physical,2020,10,42,1602720000000,158.99
physical,2020,10,42,1602806400000,112.58
physical,2020,10,42,1602892800000,97.74
physical,2020,10,42,1602979200000,183.38
physical,2020,10,43,1603065600000,178.43
physical,2020,10,43,1603152000000,159.27
physical,2020,10,43,1603238400000,116.7
physical,2020,10,43,1603324800000,82.3
physical,2020,10,43,1603411200000,99.68
physical,2020,10,43,1603497600000,100.88
physical,2020,10,43,1603584000000,108.87
physical,2020,10,44,1603670400000,104.18
physical,2020,10,44,1603756800000,177.42
physical,2020,10,44,1604016000000,224.41
physical,2020,10,44,1604102400000,257.16
physical,2020,11,44,1604188800000,132.0
physical,2020,11,45,1604275200000,233.53
physical,2020,11,45,1604361600000,194.04
physical,2020,11,45,1604620800000,60.92
physical,2020,11,45,1604707200000,93.28
physical,2020,11,45,1604793600000,112.02
physical,2020,11,46,1604880000000,12.41
physical,2020,11,46,1604966400000,144.59
physical,2020,11,46,1605052800000,73.05
physical,2020,11,46,1605225600000,362.48
physical,2020,11,46,1605312000000,229.02
physical,2020,11,46,1605398400000,295.78
physical,2020,11,47,1605484800000,138.75
physical,2020,11,47,1605657600000,61.44
physical,2020,11,47,1605744000000,266.39
physical,2020,11,47,1605830400000,258.16
physical,2020,11,47,1605916800000,222.83
physical,2020,11,47,1606003200000,268.59
physical,2020,11,48,1606089600000,33.25
physical,2020,11,48,1606176000000,211.78
physical,2020,11,48,1606262400000,246.08
physical,2020,11,48,1606348800000,89.0
physical,2020,11,48,1606435200000,123.75
physical,2020,11,48,1606521600000,106.79
physical,2020,11,49,1606694400000,87.86
physical,2020,12,49,1606780800000,30.84
physical,2020,12,49,1606867200000,401.85
physical,2020,12,49,1606953600000,47.34
physical,2020,12,49,1607040000000,110.31
physical,2020,12,49,1607126400000,82.1
physical,2020,12,49,1607212800000,108.52
physical,2020,12,50,1607299200000,123.02
physical,2020,12,50,1607472000000,180.15
physical,2020,12,50,1607644800000,206.38
physical,2020,12,50,1607731200000,99.94
physical,2020,12,50,1607817600000,329.7
physical,2020,12,51,1607904000000,38.44
physical,2020,12,51,1607990400000,30.22
physical,2020,12,51,1608076800000,143.64
physical,2020,12,51,1608163200000,134.79
physical,2020,12,51,1608249600000,83.9
physical,2020,12,51,1608336000000,85.51
physical,2020,12,52,1608508800000,168.34
physical,2020,12,52,1608595200000,97.66
physical,2020,12,52,1608681600000,171.76
physical,2020,12,52,1608768000000,91.08
physical,2020,12,52,1608854400000,116.0
physical,2020,12,52,1609027200000,125.85
physical,2020,12,53,1609113600000,176.5
physical,2020,12,53,1609200000000,69.47
physical,2020,12,53,1609286400000,162.36
physical,2020,12,53,1609372800000,15.38
physical,2021,1,1,1609718400000,86.98
physical,2021,1,1,1609804800000,305.29
physical,2021,1,1,1609891200000,40.35
physical,2021,1,1,1610064000000,201.2
physical,2021,1,1,1610150400000,13.77
physical,2021,1,1,1610236800000,184.14
physical,2021,1,2,1610323200000,82.62
physical,2021,1,2,1610668800000,178.96
physical,2021,1,2,1610755200000,370.53
physical,2021,1,2,1610841600000,217.97
physical,2021,1,3,1610928000000,47.78
physical,2021,1,3,1611014400000,235.98
physical,2021,1,3,1611100800000,184.96
physical,2021,1,3,1611446400000,232.99
physical,2021,1,4,1611532800000,129.12
physical,2021,1,4,1611619200000,89.93
physical,2021,1,4,1611705600000,65.85
physical,2021,1,4,1611792000000,108.3
physical,2021,1,4,1611964800000,47.19
physical,2021,1,4,1612051200000,219.58
physical,2021,1,53,1609459200000,52.46
physical,2021,1,53,1609545600000,82.08
physical,2021,1,53,1609632000000,42.18
physical,2021,2,5,1612137600000,15.73
physical,2021,2,5,1612224000000,89.22
physical,2021,2,5,1612310400000,86.64
physical,2021,2,5,1612396800000,267.51
physical,2021,2,5,1612569600000,105.75
physical,2021,2,5,1612656000000,49.46
physical,2021,2,6,1612915200000,92.01
physical,2021,2,6,1613001600000,311.43
physical,2021,2,6,1613088000000,39.86
physical,2021,2,6,1613174400000,164.13
physical,2021,2,6,1613260800000,43.08
physical,2021,2,7,1613347200000,268.93
physical,2021,2,7,1613433600000,277.28
physical,2021,2,7,1613520000000,59.58
physical,2021,2,7,1613606400000,139.91
physical,2021,2,7,1613692800000,125.3
physical,2021,2,7,1613779200000,174.87
physical,2021,2,7,1613865600000,160.82
physical,2021,2,8,1613952000000,61.13
physical,2021,2,8,1614038400000,48.24
physical,2021,2,8,1614124800000,228.13
physical,2021,2,8,1614211200000,84.81
physical,2021,2,8,1614297600000,138.51
physical,2021,2,8,1614384000000,116.37
physical,2021,2,8,1614470400000,60.72
physical,2021,3,9,1614729600000,50.41
physical,2021,3,9,1614816000000,22.62
physical,2021,3,9,1614988800000,116.67
physical,2021,3,9,1615075200000,260.21
physical,2021,3,10,1615161600000,15.04
physical,2021,3,10,1615248000000,33.94
physical,2021,3,10,1615334400000,143.45
physical,2021,3,10,1615420800000,125.92
physical,2021,3,10,1615507200000,128.77
physical,2021,3,11,1615766400000,42.6
physical,2021,3,11,1615852800000,33.21
physical,2021,3,11,1616025600000,32.23
physical,2021,3,11,1616112000000,113.16
physical,2021,3,11,1616198400000,183.29
physical,2021,3,11,1616284800000,49.45
physical,2021,3,12,1616371200000,120.22
physical,2021,3,12,1616457600000,242.73
physical,2021,3,12,1616544000000,26.51
physical,2021,3,12,1616630400000,49.91
physical,2021,3,12,1616716800000,323.63
physical,2021,3,12,1616803200000,98.74
physical,2021,3,12,1616889600000,32.16
physical,2021,3,13,1617062400000,96.76
physical,2021,3,13,1617148800000,148.48
physical,2021,4,13,1617235200000,193.5
physical,2021,4,13,1617321600000,179.74
physical,2021,4,13,1617408000000,109.26
physical,2021,4,13,1617494400000,61.94
physical,2021,4,14,1617753600000,65.31
physical,2021,4,14,1617840000000,48.43
physical,2021,4,14,1617926400000,243.42
physical,2021,4,14,1618012800000,29.88
physical,2021,4,14,1618099200000,196.14
physical,2021,4,15,1618185600000,55.57
physical,2021,4,15,1618272000000,157.8
physical,2021,4,15,1618358400000,238.65
physical,2021,4,15,1618444800000,190.86
physical,2021,4,15,1618531200000,145.02
physical,2021,4,15,1618617600000,126.27
physical,2021,4,15,1618704000000,255.34
physical,2021,4,16,1618790400000,177.81
physical,2021,4,16,1618876800000,81.74
physical,2021,4,16,1618963200000,305.8
physical,2021,4,16,1619049600000,198.46
physical,2021,4,16,1619136000000,115.86
physical,2021,4,16,1619222400000,112.71
physical,2021,4,16,1619308800000,45.48
physical,2021,4,17,1619395200000,199.94
physical,2021,4,17,1619481600000,145.98
physical,2021,4,17,1619568000000,210.18
physical,2021,4,17,1619654400000,16.37
physical,2021,4,17,1619740800000,112.41
physical,2021,5,17,1619827200000,94.61
physical,2021,5,17,1619913600000,66.16
physical,2021,5,18,1620086400000,129.48
physical,2021,5,18,1620172800000,136.79
physical,2021,5,18,1620259200000,130.36
physical,2021,5,18,1620345600000,259.94
physical,2021,5,19,1620604800000,42.27
physical,2021,5,19,1620691200000,55.28
physical,2021,5,19,1620777600000,115.66
physical,2021,5,19,1620864000000,79.28
physical,2021,5,19,1621036800000,77.08
physical,2021,5,19,1621123200000,96.82
physical,2021,5,20,1621209600000,96.63
physical,2021,5,20,1621296000000,85.73
physical,2021,5,20,1621468800000,152.43
physical,2021,5,20,1621555200000,126.28
physical,2021,5,20,1621641600000,168.64
physical,2021,5,20,1621728000000,248.76
physical,2021,5,21,1621814400000,228.95
physical,2021,5,21,1621900800000,20.48
physical,2021,5,21,1621987200000,25.51
physical,2021,5,21,1622073600000,34.77
physical,2021,5,21,1622160000000,210.72
physical,2021,5,21,1622246400000,262.87
physical,2021,5,21,1622332800000,82.87
physical,2021,5,22,1622419200000,37.14
physical,2021,6,22,1622505600000,276.59
physical,2021,6,22,1622592000000,50.46
physical,2021,6,22,1622678400000,163.64
physical,2021,6,22,1622764800000,93.52
physical,2021,6,22,1622851200000,233.27
physical,2021,6,22,1622937600000,198.88
physical,2021,6,23,1623024000000,376.58
physical,2021,6,23,1623110400000,73.3
physical,2021,6,23,1623196800000,157.47
physical,2021,6,23,1623369600000,53.8
physical,2021,6,23,1623456000000,54.9
physical,2021,6,23,1623542400000,66.07
physical,2021,6,24,1623628800000,147.63
physical,2021,6,24,1623715200000,82.76
physical,2021,6,24,1623801600000,25.78
physical,2021,6,24,1623888000000,26.86
physical,2021,6,24,1623974400000,42.72
physical,2021,6,24,1624060800000,141.8
physical,2021,6,24,1624147200000,128.73
physical,2021,6,25,1624233600000,287.0
physical,2021,6,25,1624320000000,81.56
physical,2021,6,25,1624406400000,310.05
physical,2021,6,25,1624492800000,65.7
physical,2021,6,25,1624579200000,103.78
physical,2021,6,25,1624665600000,199.07
physical,2021,6,25,1624752000000,214.55
physical,2021,6,26,1624838400000,146.65
physical,2021,6,26,1624924800000,185.1
physical,2021,6,26,1625011200000,45.02
physical,2021,7,26,1625097600000,337.38
physical,2021,7,26,1625184000000,48.63
physical,2021,7,26,1625270400000,25.12
physical,2021,7,26,1625356800000,177.82
physical,2021,7,27,1625443200000,37.53
physical,2021,7,27,1625529600000,106.11
physical,2021,7,27,1625616000000,66.06
physical,2021,7,27,1625702400000,87.36
physical,2021,7,27,1625788800000,122.79
physical,2021,7,27,1625875200000,246.92
physical,2021,7,27,1625961600000,231.64
physical,2021,7,28,1626048000000,351.92
physical,2021,7,28,1626134400000,136.17
physical,2021,7,28,1626220800000,374.51
physical,2021,7,28,1626307200000,93.28
physical,2021,7,28,1626566400000,108.54
physical,2021,7,29,1626652800000,180.26
physical,2021,7,29,1626739200000,296.62
physical,2021,7,29,1626825600000,264.59
physical,2021,7,29,1626912000000,211.01
physical,2021,7,29,1626998400000,127.92
physical,2021,7,29,1627084800000,124.98
physical,2021,7,30,1627257600000,41.17
physical,2021,7,30,1627344000000,93.39
physical,2021,7,30,1627430400000,110.96
physical,2021,7,30,1627516800000,145.26
physical,2021,7,30,1627603200000,109.83
physical,2021,7,30,1627689600000,291.92
physical,2021,8,30,1627776000000,68.64
physical,2021,8,31,1627862400000,116.95
physical,2021,8,31,1627948800000,70.39
physical,2021,8,31,1628035200000,39.76
physical,2021,8,31,1628208000000,146.81
physical,2021,8,31,1628294400000,221.77
physical,2021,8,31,1628380800000,211.8
physical,2021,8,32,1628467200000,76.48
physical,2021,8,32,1628553600000,112.71
physical,2021,8,32,1628640000000,256.69
physical,2021,8,32,1628726400000,75.22
physical,2021,8,32,1628812800000,62.24
physical,2021,8,32,1628899200000,100.9
physical,2021,8,33,1629244800000,77.33
physical,2021,8,33,1629331200000,27.3
physical,2021,8,33,1629417600000,360.44
physical,2021,8,33,1629504000000,107.32
physical,2021,8,33,1629590400000,12.3
physical,2021,8,34,1629676800000,195.26
physical,2021,8,34,1629763200000,235.9
physical,2021,8,34,1629849600000,37.47
physical,2021,8,34,1629936000000,96.9
physical,2021,8,34,1630108800000,144.6
physical,2021,8,34,1630195200000,211.54
physical,2021,8,35,1630281600000,184.61
physical,2021,8,35,1630368000000,153.48
physical,2021,9,35,1630454400000,130.34
physical,2021,9,35,1630540800000,164.24
physical,2021,9,35,1630627200000,159.94
physical,2021,9,35,1630800000000,49.42
physical,2021,9,36,1630886400000,97.32
physical,2021,9,36,1630972800000,208.32
physical,2021,9,36,1631059200000,52.36
physical,2021,9,36,1631145600000,191.7
physical,2021,9,36,1631232000000,299.26
physical,2021,9,36,1631318400000,137.29
physical,2021,9,36,1631404800000,25.26
physical,2021,9,37,1631491200000,131.89
physical,2021,9,37,1631577600000,63.33
physical,2021,9,37,1631664000000,69.24
physical,2021,9,37,1631750400000,120.72
physical,2021,9,37,1631836800000,44.75
physical,2021,9,37,1632009600000,106.47
physical,2021,9,38,1632096000000,134.11
physical,2021,9,38,1632182400000,243.91
physical,2021,9,38,1632268800000,88.04
physical,2021,9,38,1632355200000,19.13
physical,2021,9,38,1632441600000,75.88
physical,2021,9,38,1632528000000,98.31
physical,2021,9,38,1632614400000,260.1
physical,2021,9,39,1632787200000,133.55
physical,2021,9,39,1632873600000,92.43
physical,2021,9,39,1632960000000,77.77
physical,2021,10,39,1633046400000,130.57
physical,2021,10,39,1633132800000,217.68
physical,2021,10,39,1633219200000,99.55
physical,2021,10,40,1633305600000,146.16
physical,2021,10,40,1633392000000,344.61
physical,2021,10,40,1633478400000,89.22
physical,2021,10,40,1633651200000,400.82
physical,2021,10,40,1633737600000,82.7
physical,2021,10,40,1633824000000,154.86
physical,2021,10,41,1633910400000,488.42
physical,2021,10,41,1633996800000,67.62
physical,2021,10,41,1634083200000,271.77
physical,2021,10,41,1634169600000,177.4
physical,2021,10,41,1634256000000,44.34
physical,2021,10,41,1634428800000,168.44
physical,2021,10,42,1634515200000,59.66
physical,2021,10,42,1634601600000,147.1
physical,2021,10,42,1634688000000,18.56
physical,2021,10,42,1634774400000,169.68
physical,2021,10,42,1635033600000,128.97
physical,2021,10,43,1635120000000,54.63
physical,2021,10,43,1635206400000,139.44
physical,2021,10,43,1635292800000,256.98
physical,2021,10,43,1635379200000,172.23
physical,2021,10,43,1635465600000,56.18
physical,2021,10,43,1635552000000,34.78
physical,2021,10,43,1635638400000,27.48
physical,2021,11,44,1635724800000,140.02
physical,2021,11,44,1635811200000,116.55
physical,2021,11,44,1635897600000,48.24
physical,2021,11,44,1635984000000,102.31
physical,2021,11,44,1636070400000,97.02
physical,2021,11,44,1636156800000,79.91
physical,2021,11,44,1636243200000,97.94
physical,2021,11,45,1636329600000,178.87
physical,2021,11,45,1636502400000,125.14
physical,2021,11,45,1636588800000,65.56
physical,2021,11,45,1636675200000,237.92
physical,2021,11,45,1636761600000,159.67
physical,2021,11,46,1636934400000,10.28
physical,2021,11,46,1637020800000,392.46
physical,2021,11,46,1637107200000,74.55
physical,2021,11,46,1637280000000,86.52
physical,2021,11,46,1637366400000,353.9
physical,2021,11,46,1637452800000,165.61
physical,2021,11,47,1637625600000,273.61
physical,2021,11,47,1637712000000,22.19
physical,2021,11,47,1637798400000,88.9
physical,2021,11,47,1637884800000,113.66
physical,2021,11,47,1637971200000,161.69
physical,2021,11,48,1638230400000,64.8
physical,2021,12,48,1638316800000,26.1
physical,2021,12,48,1638403200000,49.05
physical,2021,12,48,1638489600000,38.98
physical,2021,12,48,1638576000000,61.91
physical,2021,12,48,1638662400000,149.48
physical,2021,12,49,1638748800000,125.17
physical,2021,12,49,1638835200000,63.0
physical,2021,12,49,1638921600000,33.67
physical,2021,12,49,1639094400000,130.65
physical,2021,12,49,1639180800000,128.88
physical,2021,12,49,1639267200000,106.87
physical,2021,12,50,1639353600000,43.63
physical,2021,12,50,1639440000000,54.32
physical,2021,12,50,1639526400000,322.44
physical,2021,12,50,1639612800000,136.37
physical,2021,12,50,1639699200000,373.53
physical,2021,12,50,1639785600000,355.88
physical,2021,12,50,1639872000000,136.8
physical,2021,12,51,1639958400000,85.2
physical,2021,12,51,1640044800000,21.91
physical,2021,12,51,1640217600000,311.72
physical,2021,12,51,1640304000000,208.25
physical,2021,12,51,1640390400000,96.36
physical,2021,12,51,1640476800000,111.51
physical,2021,12,52,1640563200000,99.82
physical,2021,12,52,1640649600000,140.91
physical,2021,12,52,1640736000000,64.72
physical,2021,12,52,1640822400000,34.06
physical,2021,12,52,1640908800000,101.3
physical,2022,1,1,1641168000000,329.85
physical,2022,1,1,1641254400000,128.5
physical,2022,1,1,1641340800000,38.82
physical,2022,1,1,1641427200000,123.41
physical,2022,1,1,1641513600000,40.14
physical,2022,1,1,1641600000000,96.59
physical,2022,1,1,1641686400000,152.06
physical,2022,1,2,1641772800000,54.12
physical,2022,1,2,1641859200000,153.05
physical,2022,1,2,1641945600000,71.84
physical,2022,1,2,1642032000000,186.7
physical,2022,1,2,1642291200000,25.64
physical,2022,1,3,1642377600000,226.64
physical,2022,1,3,1642464000000,17.2
physical,2022,1,3,1642550400000,137.49
physical,2022,1,3,1642636800000,198.54
physical,2022,1,3,1642809600000,210.28
physical,2022,1,4,1643068800000,39.92
physical,2022,1,4,1643155200000,75.72
physical,2022,1,4,1643328000000,138.6
physical,2022,1,4,1643414400000,213.88
physical,2022,1,4,1643500800000,35.67
physical,2022,1,5,1643587200000,66.1
physical,2022,1,52,1640995200000,22.65
physical,2022,1,52,1641081600000,11.97
physical,2022,2,5,1643673600000,166.66
physical,2022,2,5,1643760000000,60.14
physical,2022,2,5,1643846400000,285.5
physical,2022,2,5,1643932800000,76.26
physical,2022,2,5,1644019200000,192.92
physical,2022,2,5,1644105600000,41.25
physical,2022,2,6,1644192000000,121.83
physical,2022,2,6,1644364800000,159.31
physical,2022,2,6,1644451200000,108.26
physical,2022,2,6,1644624000000,67.38
physical,2022,2,6,1644710400000,219.03
physical,2022,2,7,1644883200000,138.59
physical,2022,2,7,1644969600000,117.63
physical,2022,2,7,1645056000000,69.45
physical,2022,2,7,1645142400000,48.58
physical,2022,2,7,1645228800000,323.04
physical,2022,2,8,1645401600000,326.78
physical,2022,2,8,1645488000000,77.88
physical,2022,2,8,1645574400000,91.75
physical,2022,2,8,1645660800000,191.84
physical,2022,2,8,1645747200000,89.95
physical,2022,2,8,1645833600000,73.75
physical,2022,2,8,1645920000000,355.5
physical,2022,3,9,1646092800000,183.37
physical,2022,3,9,1646179200000,95.74
physical,2022,3,9,1646265600000,298.59
physical,2022,3,9,1646352000000,164.3
physical,2022,3,9,1646438400000,50.16
physical,2022,3,9,1646524800000,158.67
physical,2022,3,10,1646611200000,277.21
physical,2022,3,10,1646697600000,31.65
physical,2022,3,10,1646784000000,143.67
physical,2022,3,10,1646870400000,82.83
physical,2022,3,10,1646956800000,77.33
physical,2022,3,10,1647043200000,75.16
physical,2022,3,10,1647129600000,99.0
physical,2022,3,11,1647216000000,182.19
physical,2022,3,11,1647302400000,138.69
physical,2022,3,11,1647388800000,450.45
physical,2022,3,11,1647475200000,31.74
physical,2022,3,11,1647648000000,66.7
physical,2022,3,11,1647734400000,126.78
physical,2022,3,12,1647907200000,43.65
physical,2022,3,12,1647993600000,80.08
physical,2022,3,12,1648080000000,467.4
physical,2022,3,12,1648166400000,51.88
physical,2022,3,12,1648252800000,68.53
physical,2022,3,12,1648339200000,251.33
physical,2022,3,13,1648425600000,186.78
physical,2022,3,13,1648512000000,227.36
physical,2022,3,13,1648598400000,35.61
physical,2022,3,13,1648684800000,33.27
physical,2022,4,13,1648771200000,132.53
physical,2022,4,13,1648857600000,39.6
physical,2022,4,13,1648944000000,70.23
physical,2022,4,14,1649030400000,301.26
physical,2022,4,14,1649116800000,96.9
physical,2022,4,14,1649203200000,71.98
physical,2022,4,14,1649289600000,300.43
physical,2022,4,14,1649376000000,186.37
physical,2022,4,14,1649462400000,14.69
physical,2022,4,14,1649548800000,230.92
physical,2022,4,15,1649635200000,337.62
physical,2022,4,15,1649808000000,13.43
physical,2022,4,15,1649894400000,60.47
physical,2022,4,15,1649980800000,34.03
physical,2022,4,15,1650067200000,199.64
physical,2022,4,16,1650240000000,162.32
physical,2022,4,16,1650326400000,129.83
physical,2022,4,16,1650499200000,52.49
physical,2022,4,16,1650672000000,99.82
physical,2022,4,17,1650844800000,329.67
physical,2022,4,17,1650931200000,61.66
physical,2022,4,17,1651017600000,115.5
physical,2022,4,17,1651104000000,138.72
physical,2022,4,17,1651190400000,153.42
physical,2022,5,17,1651363200000,33.06
physical,2022,5,18,1651449600000,163.2
physical,2022,5,18,1651622400000,138.45
physical,2022,5,18,1651708800000,136.22
physical,2022,5,18,1651881600000,40.82
physical,2022,5,18,1651968000000,213.2
physical,2022,5,19,1652054400000,61.44
physical,2022,5,19,1652227200000,93.96
physical,2022,5,19,1652313600000,208.87
physical,2022,5,19,1652400000000,169.89
physical,2022,5,19,1652486400000,104.49
physical,2022,5,19,1652572800000,186.78
physical,2022,5,20,1652659200000,66.6
physical,2022,5,20,1652745600000,16.56
physical,2022,5,20,1652832000000,280.59
physical,2022,5,20,1652918400000,149.76
physical,2022,5,20,1653004800000,101.9
physical,2022,5,21,1653264000000,74.13
physical,2022,5,21,1653350400000,85.84
physical,2022,5,21,1653436800000,146.42
physical,2022,5,21,1653523200000,148.64
physical,2022,5,21,1653609600000,136.55
physical,2022,5,21,1653696000000,132.98
physical,2022,5,21,1653782400000,63.79
physical,2022,5,22,1653868800000,240.81
physical,2022,6,22,1654041600000,22.89
physical,2022,6,22,1654128000000,10.4
physical,2022,6,22,1654214400000,360.64
physical,2022,6,22,1654387200000,193.76
physical,2022,6,23,1654473600000,208.85
physical,2022,6,23,1654560000000,77.56
physical,2022,6,23,1654646400000,144.23
physical,2022,6,23,1654732800000,13.06
physical,2022,6,23,1654905600000,109.8
physical,2022,6,23,1654992000000,91.22
physical,2022,6,24,1655078400000,10.4
physical,2022,6,24,1655164800000,112.87
physical,2022,6,24,1655251200000,55.78
physical,2022,6,24,1655337600000,160.56
physical,2022,6,24,1655424000000,106.04
physical,2022,6,24,1655510400000,24.94
physical,2022,6,25,1655683200000,250.56
physical,2022,6,25,1655769600000,43.26
physical,2022,6,25,1655856000000,56.01
physical,2022,6,25,1655942400000,66.21
physical,2022,6,25,1656028800000,267.15
physical,2022,6,25,1656115200000,231.76
physical,2022,6,25,1656201600000,268.19
physical,2022,6,26,1656288000000,86.11
physical,2022,6,26,1656374400000,64.88
physical,2022,6,26,1656547200000,69.45
physical,2022,7,26,1656633600000,106.74
physical,2022,7,26,1656720000000,255.48
physical,2022,7,26,1656806400000,63.24
physical,2022,7,27,1656892800000,24.84
physical,2022,7,27,1656979200000,46.98
physical,2022,7,27,1657065600000,97.84
physical,2022,7,27,1657152000000,60.82
physical,2022,7,27,1657238400000,178.81
physical,2022,7,27,1657324800000,112.15
physical,2022,7,27,1657411200000,139.51
physical,2022,7,28,1657497600000,81.57
physical,2022,7,28,1657584000000,259.53
physical,2022,7,28,1657670400000,140.52
physical,2022,7,28,1657756800000,371.16
physical,2022,7,28,1657929600000,183.95
physical,2022,7,28,1658016000000,107.01
physical,2022,7,29,1658102400000,78.82
physical,2022,7,29,1658275200000,28.12
physical,2022,7,29,1658361600000,279.19
physical,2022,7,29,1658448000000,40.01
physical,2022,7,29,1658534400000,205.3
physical,2022,7,29,1658620800000,14.96
physical,2022,7,30,1658707200000,305.28
physical,2022,7,30,1658880000000,45.26
physical,2022,7,30,1659139200000,34.17
physical,2022,7,30,1659225600000,274.59
physical,2022,8,31,1659312000000,289.06
physical,2022,8,31,1659398400000,20.7
physical,2022,8,31,1659484800000,181.75
physical,2022,8,31,1659571200000,149.04
physical,2022,8,31,1659657600000,22.8
physical,2022,8,31,1659744000000,13.78
physical,2022,8,32,1659916800000,94.32
physical,2022,8,32,1660003200000,179.95
physical,2022,8,32,1660089600000,144.81
physical,2022,8,32,1660176000000,153.09
physical,2022,8,32,1660262400000,16.36
physical,2022,8,32,1660348800000,30.06
physical,2022,8,32,1660435200000,35.26
physical,2022,8,33,1660521600000,207.98
physical,2022,8,33,1660608000000,75.17
physical,2022,8,33,1660694400000,32.26
physical,2022,8,33,1660780800000,348.15
physical,2022,8,33,1660867200000,68.78
physical,2022,8,33,1660953600000,114.78
physical,2022,8,33,1661040000000,214.98
physical,2022,8,34,1661126400000,78.54
physical,2022,8,34,1661212800000,136.74
physical,2022,8,34,1661299200000,570.79
physical,2022,8,34,1661385600000,46.16
physical,2022,8,34,1661558400000,40.2
physical,2022,8,34,1661644800000,190.88
physical,2022,8,35,1661731200000,354.29
physical,2022,8,35,1661904000000,160.15
physical,2022,9,35,1661990400000,141.18
physical,2022,9,35,1662076800000,174.35
physical,2022,9,35,1662163200000,69.12
physical,2022,9,35,1662249600000,112.04
physical,2022,9,36,1662336000000,30.74
physical,2022,9,36,1662422400000,196.61
physical,2022,9,36,1662508800000,213.36
physical,2022,9,36,1662595200000,235.99
physical,2022,9,36,1662681600000,90.66
physical,2022,9,36,1662768000000,179.09
physical,2022,9,36,1662854400000,362.36
physical,2022,9,37,1662940800000,67.02
physical,2022,9,37,1663027200000,147.07
physical,2022,9,37,1663113600000,33.61
physical,2022,9,37,1663286400000,36.9
physical,2022,9,37,1663372800000,25.64
physical,2022,9,37,1663459200000,264.86
physical,2022,9,38,1663545600000,54.09
physical,2022,9,38,1663632000000,92.22
physical,2022,9,38,1663718400000,162.04
physical,2022,9,38,1663804800000,24.59
physical,2022,9,38,1663891200000,152.59
physical,2022,9,38,1663977600000,242.47
physical,2022,9,38,1664064000000,71.22
physical,2022,9,39,1664150400000,186.03
physical,2022,9,39,1664236800000,115.23
physical,2022,9,39,1664323200000,101.47
physical,2022,9,39,1664409600000,188.91
physical,2022,10,39,1664582400000,12.92
physical,2022,10,39,1664668800000,38.1
physical,2022,10,40,1664841600000,88.32
physical,2022,10,40,1664928000000,297.84
physical,2022,10,40,1665014400000,175.94
physical,2022,10,40,1665187200000,37.06
physical,2022,10,40,1665273600000,279.49
physical,2022,10,41,1665446400000,334.35
physical,2022,10,41,1665532800000,60.84
physical,2022,10,41,1665619200000,207.37
physical,2022,10,41,1665705600000,127.86
physical,2022,10,41,1665878400000,113.85
physical,2022,10,42,1665964800000,62.42
physical,2022,10,42,1666051200000,73.27
physical,2022,10,42,1666137600000,63.12
physical,2022,10,42,1666224000000,33.05
physical,2022,10,42,1666396800000,125.71
physical,2022,10,42,1666483200000,125.31
physical,2022,10,43,1666656000000,62.3
physical,2022,10,43,1666742400000,140.39
physical,2022,10,43,1666828800000,53.52
physical,2022,10,43,1666915200000,27.9
physical,2022,10,43,1667001600000,402.72
physical,2022,10,43,1667088000000,164.68
physical,2022,10,44,1667174400000,237.01
physical,2022,11,44,1667260800000,183.93
physical,2022,11,44,1667347200000,46.97
physical,2022,11,44,1667433600000,197.59
physical,2022,11,44,1667606400000,146.94
physical,2022,11,45,1667779200000,87.87
physical,2022,11,45,1667865600000,65.46
physical,2022,11,45,1667952000000,86.73
physical,2022,11,45,1668124800000,65.44
physical,2022,11,45,1668297600000,46.57
physical,2022,11,46,1668384000000,72.43
physical,2022,11,46,1668470400000,299.3
physical,2022,11,46,1668556800000,221.5
physical,2022,11,46,1668643200000,66.78
physical,2022,11,46,1668729600000,132.29
physical,2022,11,47,1668988800000,73.42
physical,2022,11,47,1669075200000,205.07
physical,2022,11,47,1669161600000,75.06
physical,2022,11,47,1669248000000,417.65
physical,2022,11,47,1669334400000,232.84
physical,2022,11,47,1669420800000,148.44
physical,2022,11,47,1669507200000,54.6
physical,2022,11,48,1669593600000,126.97
physical,2022,11,48,1669680000000,263.9
physical,2022,11,48,1669766400000,66.19
physical,2022,12,48,1669852800000,139.75
physical,2022,12,48,1669939200000,291.99
physical,2022,12,48,1670025600000,291.95
physical,2022,12,48,1670112000000,138.24
physical,2022,12,49,1670198400000,34.65
physical,2022,12,49,1670284800000,122.46
physical,2022,12,49,1670371200000,120.29
physical,2022,12,49,1670457600000,33.18
physical,2022,12,49,1670544000000,172.0
physical,2022,12,49,1670630400000,43.4
physical,2022,12,49,1670716800000,92.82
physical,2022,12,50,1670803200000,132.19
physical,2022,12,50,1670889600000,133.95
physical,2022,12,50,1670976000000,98.76
physical,2022,12,50,1671148800000,99.69
physical,2022,12,50,1671321600000,126.39
physical,2022,12,51,1671408000000,67.0
physical,2022,12,51,1671494400000,90.85
physical,2022,12,51,1671580800000,27.2
physical,2022,12,51,1671667200000,106.67
physical,2022,12,51,1671840000000,107.12
physical,2022,12,51,1671926400000,70.54
physical,2022,12,52,1672012800000,120.33
physical,2022,12,52,1672099200000,100.88
physical,2022,12,52,1672272000000,35.24
physical,2023,1,1,1672704000000,312.96
physical,2023,1,1,1672790400000,11.31
physical,2023,1,1,1672876800000,163.18
physical,2023,1,1,1672963200000,30.36
physical,2023,1,1,1673049600000,112.76
physical,2023,1,2,1673222400000,174.02
physical,2023,1,2,1673308800000,109.33
physical,2023,1,2,1673395200000,120.39
physical,2023,1,2,1673481600000,154.48
physical,2023,1,2,1673568000000,204.17
physical,2023,1,2,1673654400000,286.32
physical,2023,1,2,1673740800000,164.29
physical,2023,1,3,1673827200000,50.76
physical,2023,1,3,1673913600000,86.48
physical,2023,1,3,1674000000000,254.37
physical,2023,1,3,1674086400000,142.85
physical,2023,1,3,1674259200000,338.69
physical,2023,1,4,1674432000000,153.81
physical,2023,1,4,1674518400000,158.77
physical,2023,1,4,1674604800000,28.62
physical,2023,1,4,1674691200000,40.53
physical,2023,1,4,1674777600000,34.32
physical,2023,1,4,1674864000000,350.76
physical,2023,1,4,1674950400000,114.66
physical,2023,1,5,1675036800000,149.58
physical,2023,2,5,1675209600000,59.29
physical,2023,2,5,1675382400000,178.04
physical,2023,2,5,1675468800000,98.98
physical,2023,2,5,1675555200000,196.92
physical,2023,2,6,1675641600000,25.02
physical,2023,2,6,1675728000000,97.86
physical,2023,2,6,1675900800000,259.75
physical,2023,2,6,1675987200000,294.94
physical,2023,2,6,1676160000000,99.36
physical,2023,2,7,1676246400000,106.87
physical,2023,2,7,1676332800000,31.77
physical,2023,2,7,1676419200000,55.96
physical,2023,2,7,1676592000000,211.29
physical,2023,2,7,1676678400000,97.44
physical,2023,2,7,1676764800000,40.41
physical,2023,2,8,1676851200000,97.5
physical,2023,2,8,1676937600000,96.65
physical,2023,2,8,1677024000000,122.9
physical,2023,2,8,1677110400000,366.02
physical,2023,2,8,1677196800000,106.98
physical,2023,2,8,1677283200000,86.62
physical,2023,2,8,1677369600000,87.19
physical,2023,2,9,1677456000000,200.09
physical,2023,2,9,1677542400000,93.68
physical,2023,3,9,1677628800000,73.14
physical,2023,3,9,1677715200000,170.91
physical,2023,3,9,1677801600000,18.18
physical,2023,3,9,1677888000000,243.47
physical,2023,3,9,1677974400000,30.36
physical,2023,3,10,1678060800000,117.11
physical,2023,3,10,1678147200000,177.07
physical,2023,3,10,1678320000000,54.72
physical,2023,3,10,1678406400000,108.0
physical,2023,3,10,1678492800000,15.51
physical,2023,3,10,1678579200000,99.32
physical,2023,3,11,1678665600000,120.18
physical,2023,3,11,1678752000000,505.57
physical,2023,3,11,1678838400000,255.82
physical,2023,3,11,1678924800000,81.76
physical,2023,3,11,1679011200000,77.43
physical,2023,3,11,1679097600000,48.5
physical,2023,3,11,1679184000000,63.84
physical,2023,3,12,1679270400000,78.63
physical,2023,3,12,1679356800000,269.75
physical,2023,3,12,1679443200000,420.44
physical,2023,3,12,1679616000000,263.66
physical,2023,3,12,1679702400000,185.82
physical,2023,3,12,1679788800000,66.32
physical,2023,3,13,1679875200000,86.74
physical,2023,3,13,1680048000000,98.88
physical,2023,3,13,1680134400000,228.91
physical,2023,3,13,1680220800000,245.46
physical,2023,4,13,1680307200000,90.1
physical,2023,4,13,1680393600000,429.51
physical,2023,4,14,1680480000000,152.45
physical,2023,4,14,1680566400000,74.48
physical,2023,4,14,1680652800000,63.14
physical,2023,4,14,1680825600000,109.92
physical,2023,4,14,1680912000000,321.19
physical,2023,4,14,1680998400000,38.24
physical,2023,4,15,1681084800000,75.44
physical,2023,4,15,1681171200000,66.03
physical,2023,4,15,1681257600000,277.03
physical,2023,4,15,1681344000000,269.85
physical,2023,4,15,1681430400000,31.02
physical,2023,4,15,1681516800000,134.01
physical,2023,4,15,1681603200000,346.56
physical,2023,4,16,1681689600000,83.14
physical,2023,4,16,1681776000000,160.69
physical,2023,4,16,1681862400000,262.1
physical,2023,4,16,1681948800000,114.84
physical,2023,4,16,1682121600000,54.4
physical,2023,4,17,1682294400000,85.77
physical,2023,4,17,1682380800000,121.4
physical,2023,4,17,1682467200000,77.54
physical,2023,4,17,1682553600000,92.82
physical,2023,4,17,1682726400000,141.01
physical,2023,5,18,1682899200000,545.03
physical,2023,5,18,1682985600000,305.46
physical,2023,5,18,1683072000000,90.02
physical,2023,5,18,1683158400000,49.32
physical,2023,5,18,1683244800000,95.85
physical,2023,5,18,1683331200000,95.24
physical,2023,5,18,1683417600000,163.86
physical,2023,5,19,1683504000000,57.69
physical,2023,5,19,1683590400000,144.18
physical,2023,5,19,1683676800000,90.33
physical,2023,5,19,1683763200000,159.6
physical,2023,5,19,1683849600000,199.3
physical,2023,5,19,1683936000000,144.25
physical,2023,5,19,1684022400000,195.62
physical,2023,5,20,1684108800000,11.65
physical,2023,5,20,1684195200000,19.1
physical,2023,5,20,1684281600000,120.33
physical,2023,5,20,1684368000000,146.99
physical,2023,5,20,1684540800000,73.28
physical,2023,5,20,1684627200000,65.29
physical,2023,5,21,1684713600000,99.23
physical,2023,5,21,1684800000000,48.18
physical,2023,5,21,1684886400000,142.45
physical,2023,5,21,1685059200000,175.56
physical,2023,5,21,1685145600000,37.83
physical,2023,5,21,1685232000000,45.36
physical,2023,5,22,1685318400000,327.85
physical,2023,5,22,1685404800000,124.48
physical,2023,5,22,1685491200000,204.76
physical,2023,6,22,1685577600000,119.34
physical,2023,6,22,1685664000000,15.25
physical,2023,6,22,1685750400000,117.88
physical,2023,6,22,1685836800000,95.6
physical,2023,6,23,1685923200000,245.55
physical,2023,6,23,1686009600000,190.03
physical,2023,6,23,1686096000000,176.7
physical,2023,6,23,1686182400000,38.14
physical,2023,6,23,1686268800000,159.7
physical,2023,6,23,1686355200000,98.3
physical,2023,6,23,1686441600000,52.47
physical,2023,6,24,1686528000000,85.66
physical,2023,6,24,1686700800000,315.17
physical,2023,6,24,1686787200000,82.46
physical,2023,6,24,1686873600000,41.13
physical,2023,6,24,1686960000000,35.07
physical,2023,6,24,1687046400000,148.76
physical,2023,6,25,1687132800000,160.26
physical,2023,6,25,1687219200000,231.94
physical,2023,6,25,1687305600000,308.22
physical,2023,6,25,1687392000000,116.59
physical,2023,6,25,1687478400000,301.59
physical,2023,6,25,1687564800000,118.35
physical,2023,6,25,1687651200000,193.03
physical,2023,6,26,1687737600000,194.79
physical,2023,6,26,1687824000000,111.84
physical,2023,6,26,1687996800000,299.58
physical,2023,6,26,1688083200000,244.15
physical,2023,7,26,1688169600000,125.64
physical,2023,7,26,1688256000000,126.31
physical,2023,7,27,1688342400000,420.9
physical,2023,7,27,1688428800000,44.16
physical,2023,7,27,1688515200000,106.31
physical,2023,7,27,1688601600000,286.04
physical,2023,7,27,1688688000000,119.22
physical,2023,7,27,1688860800000,93.32
physical,2023,7,28,1688947200000,85.27
physical,2023,7,28,1689033600000,38.47
physical,2023,7,28,1689292800000,53.46
physical,2023,7,28,1689379200000,73.2
physical,2023,7,28,1689465600000,80.46
physical,2023,7,29,1689552000000,43.86
physical,2023,7,29,1689638400000,161.96
physical,2023,7,29,1689724800000,86.86
physical,2023,7,29,1689811200000,107.94
physical,2023,7,29,1689897600000,88.8
physical,2023,7,29,1689984000000,149.7
physical,2023,7,29,1690070400000,168.03
physical,2023,7,30,1690156800000,277.65
physical,2023,7,30,1690243200000,17.03
physical,2023,7,30,1690329600000,70.51
physical,2023,7,30,1690502400000,120.72
physical,2023,7,30,1690588800000,219.99
physical,2023,7,30,1690675200000,77.4
physical,2023,7,31,1690761600000,120.85
physical,2023,8,31,1690934400000,322.4
physical,2023,8,31,1691020800000,325.79
physical,2023,8,31,1691193600000,230.74
physical,2023,8,32,1691366400000,35.17
physical,2023,8,32,1691452800000,24.46
physical,2023,8,32,1691539200000,24.98
physical,2023,8,32,1691625600000,290.68
physical,2023,8,32,1691712000000,351.15
physical,2023,8,32,1691798400000,168.22
physical,2023,8,32,1691884800000,109.38
physical,2023,8,33,1691971200000,52.68
physical,2023,8,33,1692230400000,64.01
physical,2023,8,33,1692316800000,80.62
physical,2023,8,33,1692403200000,151.87
physical,2023,8,33,1692489600000,72.91
physical,2023,8,34,1692576000000,144.03
physical,2023,8,34,1692662400000,128.79
physical,2023,8,34,1692748800000,50.57
physical,2023,8,34,1692835200000,74.41
physical,2023,8,34,1692921600000,309.95
physical,2023,8,34,1693008000000,90.06
physical,2023,8,34,1693094400000,195.35
physical,2023,8,35,1693180800000,203.84
physical,2023,8,35,1693267200000,84.15
physical,2023,8,35,1693353600000,143.07
physical,2023,8,35,1693440000000,33.0
physical,2023,9,35,1693526400000,193.09
physical,2023,9,35,1693612800000,61.64
physical,2023,9,35,1693699200000,186.1
physical,2023,9,36,1693785600000,174.77
physical,2023,9,36,1693872000000,39.81
physical,2023,9,36,1693958400000,55.16
physical,2023,9,36,1694044800000,204.9
physical,2023,9,36,1694131200000,59.32
physical,2023,9,37,1694476800000,23.26
physical,2023,9,37,1694563200000,50.7
physical,2023,9,37,1694649600000,163.99
physical,2023,9,37,1694736000000,60.93
physical,2023,9,37,1694822400000,70.74
physical,2023,9,37,1694908800000,107.76
physical,2023,9,38,1694995200000,238.09
physical,2023,9,38,1695081600000,43.02
physical,2023,9,38,1695168000000,57.52
physical,2023,9,38,1695254400000,66.96
physical,2023,9,38,1695340800000,29.3
physical,2023,9,38,1695427200000,221.29
physical,2023,9,39,1695600000000,143.26
physical,2023,9,39,1695686400000,196.61
physical,2023,9,39,1695859200000,335.1
physical,2023,9,39,1695945600000,152.56
physical,2023,9,39,1696032000000,75.56
physical,2023,10,39,1696118400000,193.47
physical,2023,10,40,1696204800000,49.91
physical,2023,10,40,1696291200000,231.48
physical,2023,10,40,1696377600000,28.72
physical,2023,10,40,1696464000000,14.03
physical,2023,10,40,1696550400000,23.26
physical,2023,10,40,1696723200000,81.66
physical,2023,10,41,1696809600000,73.45
physical,2023,10,41,1696896000000,89.75
physical,2023,10,41,1696982400000,37.14
physical,2023,10,41,1697068800000,142.06
physical,2023,10,41,1697155200000,201.26
physical,2023,10,41,1697241600000,210.24
physical,2023,10,41,1697328000000,87.34
physical,2023,10,42,1697414400000,200.14
physical,2023,10,42,1697500800000,148.42
physical,2023,10,42,1697587200000,133.65
physical,2023,10,42,1697673600000,134.79
physical,2023,10,42,1697760000000,89.76
physical,2023,10,42,1697846400000,194.15
physical,2023,10,42,1697932800000,68.04
physical,2023,10,43,1698105600000,136.56
physical,2023,10,43,1698192000000,144.7
physical,2023,10,43,1698278400000,26.81
physical,2023,10,43,1698364800000,242.97
physical,2023,10,43,1698451200000,11.49
physical,2023,10,43,1698537600000,49.22
physical,2023,10,44,1698710400000,130.18
physical,2023,11,44,1698796800000,160.28
physical,2023,11,44,1698883200000,15.32
physical,2023,11,44,1698969600000,87.36
physical,2023,11,44,1699056000000,83.24
physical,2023,11,44,1699142400000,196.13
physical,2023,11,45,1699228800000,270.19
physical,2023,11,45,1699315200000,40.53
physical,2023,11,45,1699401600000,254.53
physical,2023,11,45,1699488000000,98.91
physical,2023,11,45,1699574400000,19.66
physical,2023,11,45,1699660800000,194.81
physical,2023,11,45,1699747200000,225.92
physical,2023,11,46,1699920000000,165.78
physical,2023,11,46,1700006400000,154.32
physical,2023,11,46,1700092800000,102.74
physical,2023,11,46,1700179200000,186.42
physical,2023,11,46,1700352000000,141.9
physical,2023,11,47,1700524800000,153.5
physical,2023,11,47,1700611200000,234.42
physical,2023,11,47,1700697600000,92.53
physical,2023,11,48,1701043200000,65.55
physical,2023,11,48,1701129600000,50.57
physical,2023,11,48,1701216000000,42.38
physical,2023,12,48,1701388800000,43.11
physical,2023,12,48,1701475200000,105.84
physical,2023,12,48,1701561600000,38.28
physical,2023,12,49,1701648000000,24.96
physical,2023,12,49,1701734400000,103.7
physical,2023,12,49,1701907200000,259.97
physical,2023,12,49,1701993600000,69.26
physical,2023,12,49,1702080000000,151.02
physical,2023,12,50,1702339200000,229.72
physical,2023,12,50,1702425600000,34.2
physical,2023,12,50,1702512000000,223.84
physical,2023,12,50,1702598400000,390.19
physical,2023,12,50,1702684800000,116.88
physical,2023,12,50,1702771200000,11.21
physical,2023,12,51,1702857600000,137.32
physical,2023,12,51,1703030400000,16.35
physical,2023,12,51,1703116800000,121.31
physical,2023,12,51,1703203200000,14.92
physical,2023,12,51,1703289600000,76.62
physical,2023,12,51,1703376000000,154.28
physical,2023,12,52,1703462400000,143.4
physical,2023,12,52,1703548800000,213.74
physical,2023,12,52,1703635200000,146.88
physical,2023,12,52,1703721600000,41.87
physical,2023,12,52,1703808000000,32.39
physical,2024,1,1,1704067200000,78.92
physical,2024,1,1,1704240000000,78.48
physical,2024,1,1,1704326400000,28.65
physical,2024,1,1,1704412800000,342.58
physical,2024,1,1,1704585600000,101.32
physical,2024,1,2,1704672000000,169.0
physical,2024,1,2,1704844800000,106.47
physical,2024,1,2,1704931200000,37.04
physical,2024,1,2,1705017600000,343.27
physical,2024,1,2,1705190400000,39.47
physical,2024,1,3,1705276800000,38.02
physical,2024,1,3,1705363200000,75.92
physical,2024,1,3,1705449600000,134.22
physical,2024,1,3,1705536000000,76.57
physical,2024,1,3,1705622400000,21.72
physical,2024,1,3,1705708800000,131.1
physical,2024,1,3,1705795200000,131.98
physical,2024,1,4,1705881600000,57.33
physical,2024,1,4,1705968000000,72.74
physical,2024,1,4,1706054400000,175.48
physical,2024,1,4,1706140800000,62.41
physical,2024,1,4,1706227200000,156.72
physical,2024,1,4,1706313600000,147.7
physical,2024,1,4,1706400000000,208.92
physical,2024,1,5,1706486400000,188.39
physical,2024,1,5,1706572800000,250.09
physical,2024,1,5,1706659200000,103.16
physical,2024,2,5,1706832000000,102.09
physical,2024,2,5,1706918400000,111.34
physical,2024,2,5,1707004800000,11.36
physical,2024,2,6,1707091200000,67.5
physical,2024,2,6,1707177600000,322.2
physical,2024,2,6,1707350400000,35.58
physical,2024,2,6,1707436800000,52.63
physical,2024,2,6,1707523200000,122.27
physical,2024,2,6,1707609600000,49.39
physical,2024,2,7,1707696000000,128.55
physical,2024,2,7,1707782400000,207.43
physical,2024,2,7,1707868800000,348.44
physical,2024,2,7,1707955200000,113.4
physical,2024,2,7,1708041600000,11.34
physical,2024,2,7,1708128000000,177.93
physical,2024,2,8,1708300800000,53.81
physical,2024,2,8,1708473600000,149.08
physical,2024,2,8,1708560000000,106.17
physical,2024,2,8,1708646400000,246.88
physical,2024,2,8,1708819200000,71.5
physical,2024,2,9,1708905600000,214.64
physical,2024,2,9,1708992000000,36.96
physical,2024,2,9,1709078400000,60.24
physical,2024,2,9,1709164800000,41.89
physical,2024,3,9,1709251200000,36.14
physical,2024,3,9,1709337600000,68.46
physical,2024,3,9,1709424000000,44.88
physical,2024,3,10,1709510400000,57.0
physical,2024,3,10,1709596800000,204.28
physical,2024,3,10,1709683200000,113.68
physical,2024,3,10,1709769600000,14.66
physical,2024,3,10,1709856000000,92.52
physical,2024,3,10,1709942400000,218.81
physical,2024,3,10,1710028800000,369.19
physical,2024,3,11,1710115200000,177.36
physical,2024,3,11,1710288000000,218.4
physical,2024,3,11,1710374400000,37.53
physical,2024,3,11,1710460800000,25.86
physical,2024,3,11,1710547200000,58.83
physical,2024,3,11,1710633600000,42.28
physical,2024,3,12,1710720000000,45.78
physical,2024,3,12,1710806400000,63.8
physical,2024,3,12,1710892800000,108.75
physical,2024,3,12,1710979200000,250.23
physical,2024,3,12,1711065600000,120.32
physical,2024,3,12,1711152000000,152.02
physical,2024,3,12,1711238400000,86.48
physical,2024,3,13,1711324800000,306.93
physical,2024,3,13,1711411200000,497.81
physical,2024,3,13,1711497600000,395.31
physical,2024,3,13,1711670400000,63.61
physical,2024,3,13,1711756800000,206.86
physical,2024,3,13,1711843200000,196.57
physical,2024,4,14,1711929600000,90.54
physical,2024,4,14,1712016000000,98.58
physical,2024,4,14,1712275200000,243.58
physical,2024,4,14,1712361600000,107.69
physical,2024,4,14,1712448000000,189.76
physical,2024,4,15,1712534400000,76.96
physical,2024,4,15,1712620800000,57.82
physical,2024,4,15,1712793600000,74.46
physical,2024,4,15,1712880000000,237.69
physical,2024,4,15,1712966400000,23.63
physical,2024,4,15,1713052800000,178.17
physical,2024,4,16,1713225600000,144.99
physical,2024,4,16,1713312000000,52.14
physical,2024,4,16,1713398400000,199.8
physical,2024,4,16,1713484800000,37.33
physical,2024,4,16,1713571200000,56.82
physical,2024,4,17,1713830400000,207.66
physical,2024,4,17,1713916800000,198.71
physical,2024,4,17,1714003200000,248.23
physical,2024,4,17,1714089600000,113.79
physical,2024,4,17,1714176000000,110.18
physical,2024,4,17,1714262400000,81.21
physical,2024,4,18,1714348800000,88.34
physical,2024,5,18,1714521600000,54.11
physical,2024,5,18,1714608000000,216.78
physical,2024,5,18,1714694400000,252.92
physical,2024,5,18,1714780800000,104.47
physical,2024,5,18,1714867200000,130.67
physical,2024,5,19,1714953600000,44.09
physical,2024,5,19,1715040000000,119.67
physical,2024,5,19,1715212800000,57.48
physical,2024,5,19,1715299200000,414.09
physical,2024,5,19,1715472000000,59.6
physical,2024,5,20,1715558400000,91.28
physical,2024,5,20,1715644800000,11.91
physical,2024,5,20,1715731200000,95.28
physical,2024,5,20,1715817600000,81.58
physical,2024,5,20,1715904000000,144.88
physical,2024,5,20,1715990400000,111.96
physical,2024,5,21,1716163200000,301.05
physical,2024,5,21,1716249600000,378.96
physical,2024,5,21,1716336000000,102.36
physical,2024,5,21,1716422400000,196.16
physical,2024,5,21,1716508800000,23.62
physical,2024,5,21,1716595200000,175.11
physical,2024,5,21,1716681600000,55.4
physical,2024,5,22,1716768000000,396.74
physical,2024,5,22,1716854400000,284.55
physical,2024,5,22,1717027200000,58.2
physical,2024,5,22,1717113600000,145.48
physical,2024,6,22,1717286400000,190.97
physical,2024,6,23,1717372800000,143.94
physical,2024,6,23,1717459200000,23.31
physical,2024,6,23,1717632000000,10.43
physical,2024,6,23,1717718400000,22.36
physical,2024,6,23,1717804800000,258.51
physical,2024,6,23,1717891200000,58.61
physical,2024,6,24,1717977600000,69.62
physical,2024,6,24,1718064000000,142.87
physical,2024,6,24,1718150400000,53.41
physical,2024,6,24,1718236800000,12.6
physical,2024,6,24,1718323200000,166.32
physical,2024,6,24,1718409600000,127.64
physical,2024,6,24,1718496000000,255.92
physical,2024,6,25,1718582400000,85.38
physical,2024,6,25,1718668800000,101.77
physical,2024,6,25,1718841600000,134.61
physical,2024,6,25,1719014400000,19.46
physical,2024,6,25,1719100800000,310.45
physical,2024,6,26,1719187200000,116.47
physical,2024,6,26,1719273600000,238.85
physical,2024,6,26,1719360000000,91.2
physical,2024,6,26,1719446400000,64.27
physical,2024,6,26,1719619200000,69.91
physical,2024,6,26,1719705600000,174.89
physical,2024,7,27,1719878400000,137.86
physical,2024,7,27,1719964800000,19.45
physical,2024,7,27,1720137600000,142.32
physical,2024,7,27,1720224000000,165.29
physical,2024,7,27,1720310400000,136.94
physical,2024,7,28,1720396800000,324.73
physical,2024,7,28,1720483200000,269.44
physical,2024,7,28,1720569600000,190.75
physical,2024,7,28,1720656000000,12.69
physical,2024,7,28,1720742400000,121.01
physical,2024,7,28,1720828800000,81.42
physical,2024,7,28,1720915200000,45.94
physical,2024,7,29,1721001600000,223.77
physical,2024,7,29,1721088000000,127.38
physical,2024,7,29,1721174400000,172.26
physical,2024,7,29,1721260800000,71.72
physical,2024,7,29,1721347200000,136.26
physical,2024,7,29,1721433600000,32.91
physical,2024,7,29,1721520000000,196.62
physical,2024,7,30,1721606400000,180.34
physical,2024,7,30,1721692800000,18.29
physical,2024,7,30,1721865600000,219.09
physical,2024,7,30,1722038400000,24.13
physical,2024,7,30,1722124800000,123.24
physical,2024,7,31,1722211200000,275.51
physical,2024,7,31,1722297600000,139.41
physical,2024,7,31,1722384000000,140.5
physical,2024,8,31,1722470400000,146.79
physical,2024,8,31,1722556800000,309.01
physical,2024,8,31,1722643200000,87.64
physical,2024,8,31,1722729600000,23.92
physical,2024,8,32,1722816000000,359.22
physical,2024,8,32,1722902400000,144.36
physical,2024,8,32,1722988800000,75.54
physical,2024,8,32,1723075200000,184.61
physical,2024,8,32,1723161600000,154.77
physical,2024,8,32,1723248000000,83.44
physical,2024,8,33,1723420800000,41.18
physical,2024,8,33,1723507200000,150.48
physical,2024,8,33,1723593600000,128.78
physical,2024,8,33,1723680000000,138.94
physical,2024,8,33,1723766400000,64.14
physical,2024,8,33,1723852800000,95.72
physical,2024,8,34,1724025600000,34.34
physical,2024,8,34,1724112000000,163.13
physical,2024,8,34,1724198400000,61.1
physical,2024,8,34,1724284800000,48.98
physical,2024,8,34,1724371200000,61.56
physical,2024,8,34,1724457600000,46.56
physical,2024,8,35,1724630400000,289.88
physical,2024,8,35,1724889600000,134.21
physical,2024,8,35,1725062400000,90.08
physical,2024,9,36,1725235200000,142.56
physical,2024,9,36,1725321600000,113.24
physical,2024,9,36,1725408000000,80.1
physical,2024,9,36,1725494400000,64.41
physical,2024,9,36,1725667200000,146.84
physical,2024,9,36,1725753600000,130.77
physical,2024,9,37,1725840000000,149.62
physical,2024,9,37,1725926400000,46.95
physical,2024,9,37,1726099200000,283.99
physical,2024,9,37,1726272000000,202.68
physical,2024,9,38,1726444800000,42.6
physical,2024,9,38,1726531200000,29.43
physical,2024,9,38,1726704000000,36.65
physical,2024,9,38,1726790400000,265.66
physical,2024,9,38,1726876800000,312.33
physical,2024,9,38,1726963200000,94.38
physical,2024,9,39,1727136000000,114.26
physical,2024,9,39,1727222400000,91.64
physical,2024,9,39,1727308800000,126.52
physical,2024,9,39,1727395200000,22.32
physical,2024,9,39,1727481600000,96.6
physical,2024,9,39,1727568000000,147.21
physical,2024,10,40,1727740800000,173.55
physical,2024,10,40,1727827200000,220.73
physical,2024,10,40,1727913600000,266.04
physical,2024,10,40,1728000000000,101.43
physical,2024,10,40,1728086400000,69.75
physical,2024,10,40,1728172800000,41.52
physical,2024,10,41,1728259200000,75.34
physical,2024,10,41,1728345600000,50.88
physical,2024,10,41,1728432000000,75.03
physical,2024,10,41,1728518400000,42.0
physical,2024,10,41,1728604800000,529.98
physical,2024,10,41,1728691200000,57.6
physical,2024,10,42,1728864000000,64.05
physical,2024,10,42,1729036800000,145.17
physical,2024,10,42,1729123200000,39.6
physical,2024,10,42,1729209600000,70.11
physical,2024,10,42,1729296000000,32.97
physical,2024,10,43,1729468800000,118.23
physical,2024,10,43,1729555200000,134.24
physical,2024,10,43,1729641600000,179.82
physical,2024,10,43,1729728000000,135.57
physical,2024,10,43,1729814400000,100.01
physical,2024,10,43,1729987200000,343.35
physical,2024,10,44,1730073600000,183.39
physical,2024,10,44,1730160000000,155.14
physical,2024,10,44,1730246400000,313.68
physical,2024,10,44,1730332800000,86.22
physical,2024,11,44,1730419200000,74.22
physical,2024,11,44,1730505600000,178.29
physical,2024,11,44,1730592000000,173.33
physical,2024,11,45,1730678400000,265.45
physical,2024,11,45,1730764800000,90.72
physical,2024,11,45,1730851200000,138.07
physical,2024,11,45,1730937600000,80.98
physical,2024,11,45,1731024000000,225.07
physical,2024,11,45,1731110400000,143.82
physical,2024,11,45,1731196800000,122.37
physical,2024,11,46,1731283200000,43.84
physical,2024,11,46,1731369600000,216.01
physical,2024,11,46,1731628800000,17.78
physical,2024,11,46,1731715200000,94.86
physical,2024,11,46,1731801600000,151.57
physical,2024,11,47,1731974400000,227.04
physical,2024,11,47,1732060800000,29.6
physical,2024,11,47,1732147200000,171.43
physical,2024,11,47,1732233600000,416.91
physical,2024,11,47,1732320000000,69.9
physical,2024,11,48,1732492800000,61.53
physical,2024,11,48,1732579200000,244.04
physical,2024,11,48,1732752000000,202.56
physical,2024,11,48,1732838400000,468.82
physical,2024,11,48,1732924800000,65.62
physical,2024,12,1,1735516800000,23.29
physical,2024,12,1,1735603200000,116.61
physical,2024,12,48,1733011200000,70.39
physical,2024,12,49,1733184000000,242.12
physical,2024,12,49,1733270400000,444.06
physical,2024,12,49,1733356800000,370.59
physical,2024,12,49,1733443200000,95.01
physical,2024,12,49,1733529600000,72.79
physical,2024,12,49,1733616000000,204.25
physical,2024,12,50,1733702400000,162.54
physical,2024,12,50,1733788800000,46.16
physical,2024,12,50,1733875200000,96.56
physical,2024,12,50,1733961600000,88.41
physical,2024,12,50,1734048000000,147.51
physical,2024,12,50,1734134400000,12.33
physical,2024,12,50,1734220800000,87.24
physical,2024,12,51,1734307200000,134.04
physical,2024,12,51,1734393600000,72.06
physical,2024,12,51,1734480000000,209.55
physical,2024,12,51,1734566400000,381.99
physical,2024,12,51,1734652800000,138.49
physical,2024,12,51,1734739200000,91.45
physical,2024,12,51,1734825600000,73.74
physical,2024,12,52,1734912000000,76.89
physical,2024,12,52,1734998400000,36.72
physical,2024,12,52,1735171200000,241.14
physical,2024,12,52,1735257600000,76.26
physical,2024,12,52,1735344000000,144.69
physical,2024,12,52,1735430400000,119.69
physical,2025,1,1,1735689600000,149.66
physical,2025,1,1,1735776000000,58.08
physical,2025,1,1,1735862400000,54.32
physical,2025,1,1,1735948800000,81.29
physical,2025,1,1,1736035200000,56.32
physical,2025,1,2,1736121600000,111.01
physical,2025,1,2,1736208000000,222.51
physical,2025,1,2,1736294400000,58.2
physical,2025,1,2,1736380800000,58.23
physical,2025,1,2,1736467200000,20.06
physical,2025,1,2,1736553600000,139.98
physical,2025,1,2,1736640000000,147.91
physical,2025,1,3,1736726400000,139.24
physical,2025,1,3,1736812800000,142.11
physical,2025,1,3,1736899200000,257.29
physical,2025,1,3,1737072000000,141.98
physical,2025,1,3,1737244800000,35.22
physical,2025,1,4,1737331200000,29.17
physical,2025,1,4,1737417600000,156.97
physical,2025,1,4,1737504000000,74.17
physical,2025,1,4,1737590400000,131.37
physical,2025,1,4,1737676800000,262.08
physical,2025,1,4,1737849600000,124.77
physical,2025,1,5,1737936000000,332.54
physical,2025,1,5,1738195200000,244.4
physical,2025,1,5,1738281600000,166.7
physical,2025,2,5,1738454400000,217.36
physical,2025,2,6,1738540800000,68.79
physical,2025,2,6,1738627200000,43.45
physical,2025,2,6,1738713600000,238.47
physical,2025,2,6,1738800000000,226.92
physical,2025,2,6,1738886400000,274.1
physical,2025,2,6,1738972800000,46.24
physical,2025,2,6,1739059200000,217.67
physical,2025,2,7,1739145600000,53.65
physical,2025,2,7,1739232000000,203.07
physical,2025,2,7,1739318400000,35.16
physical,2025,2,7,1739404800000,261.61
physical,2025,2,7,1739491200000,173.3
physical,2025,2,7,1739577600000,183.24
physical,2025,2,7,1739664000000,154.1
physical,2025,2,8,1739836800000,190.53
physical,2025,2,8,1740009600000,118.59
physical,2025,2,8,1740096000000,115.17
physical,2025,2,8,1740182400000,26.94
physical,2025,2,9,1740355200000,83.69
physical,2025,2,9,1740441600000,15.04
physical,2025,2,9,1740528000000,70.36
physical,2025,2,9,1740614400000,70.86
physical,2025,3,9,1740787200000,38.94
physical,2025,3,9,1740873600000,232.73
physical,2025,3,10,1740960000000,239.8
physical,2025,3,10,1741046400000,180.48
physical,2025,3,10,1741219200000,39.14
physical,2025,3,10,1741392000000,40.04
physical,2025,3,10,1741478400000,205.57
physical,2025,3,11,1741564800000,43.3
physical,2025,3,11,1741651200000,54.42
physical,2025,3,11,1741737600000,97.86
physical,2025,3,11,1741824000000,93.64
physical,2025,3,11,1741910400000,268.11
physical,2025,3,11,1742083200000,144.39
physical,2025,3,12,1742169600000,229.78
physical,2025,3,12,1742342400000,80.28
physical,2025,3,12,1742428800000,41.04
physical,2025,3,12,1742515200000,103.1
physical,2025,3,12,1742601600000,141.54
physical,2025,3,13,1742774400000,63.38
physical,2025,3,13,1742860800000,154.85
physical,2025,3,13,1742947200000,270.52
physical,2025,3,13,1743033600000,96.86
physical,2025,3,13,1743120000000,158.4
physical,2025,3,13,1743206400000,145.96
physical,2025,3,13,1743292800000,255.09
physical,2025,3,14,1743379200000,259.98
physical,2025,4,14,1743638400000,303.25
physical,2025,4,14,1743724800000,72.38
physical,2025,4,14,1743811200000,94.79
physical,2025,4,15,1744070400000,114.47
physical,2025,4,15,1744156800000,117.36
physical,2025,4,15,1744243200000,103.5
physical,2025,4,15,1744329600000,309.56
physical,2025,4,15,1744416000000,26.18
physical,2025,4,15,1744502400000,66.81
physical,2025,4,16,1744588800000,103.54
physical,2025,4,16,1744675200000,119.01
physical,2025,4,16,1744761600000,86.46
physical,2025,4,16,1744934400000,201.91
physical,2025,4,16,1745107200000,252.22
physical,2025,4,17,1745193600000,73.22
physical,2025,4,17,1745280000000,198.46
physical,2025,4,17,1745366400000,189.66
physical,2025,4,17,1745539200000,193.5
physical,2025,4,17,1745625600000,127.2
physical,2025,4,17,1745712000000,26.18
physical,2025,4,18,1745884800000,208.23
physical,2025,5,18,1746057600000,191.8
physical,2025,5,18,1746144000000,91.34
physical,2025,5,18,1746316800000,126.06
physical,2025,5,19,1746403200000,297.77
physical,2025,5,19,1746489600000,193.47
physical,2025,5,19,1746576000000,51.1
physical,2025,5,19,1746662400000,161.06
physical,2025,5,19,1746748800000,63.85
physical,2025,5,20,1747008000000,109.17
physical,2025,5,20,1747180800000,24.62
physical,2025,5,20,1747267200000,132.77
physical,2025,5,20,1747353600000,54.63
physical,2025,5,20,1747440000000,59.04
physical,2025,5,20,1747526400000,128.94
physical,2025,5,21,1747612800000,171.19
physical,2025,5,21,1747699200000,157.06
physical,2025,5,21,1747958400000,46.92
physical,2025,5,21,1748044800000,117.48
physical,2025,5,21,1748131200000,358.29
physical,2025,5,22,1748217600000,136.86
physical,2025,5,22,1748304000000,374.8
physical,2025,5,22,1748563200000,280.71
physical,2025,5,22,1748649600000,121.54
physical,2025,6,22,1748736000000,140.79
physical,2025,6,23,1748822400000,187.77
physical,2025,6,23,1748908800000,121.48
physical,2025,6,23,1748995200000,150.53
physical,2025,6,23,1749081600000,268.09
physical,2025,6,23,1749168000000,123.93
physical,2025,6,23,1749254400000,193.66
physical,2025,6,23,1749340800000,149.45
physical,2025,6,24,1749427200000,214.52
physical,2025,6,24,1749600000000,91.84
physical,2025,6,24,1749686400000,49.31
physical,2025,6,24,1749772800000,187.98
physical,2025,6,24,1749859200000,181.38
physical,2025,6,24,1749945600000,54.08
physical,2025,6,25,1750032000000,264.34
physical,2025,6,25,1750118400000,203.66
physical,2025,6,25,1750204800000,54.21
physical,2025,6,25,1750464000000,63.38
physical,2025,6,25,1750550400000,140.7
physical,2025,6,26,1750636800000,143.56
physical,2025,6,26,1750723200000,132.08
physical,2025,6,26,1750809600000,142.45
physical,2025,6,26,1750896000000,315.38
physical,2025,6,26,1750982400000,240.27
physical,2025,6,26,1751068800000,99.19
physical,2025,6,26,1751155200000,106.84
physical,2025,6,27,1751241600000,96.36
physical,2025,7,27,1751328000000,61.23
physical,2025,7,27,1751414400000,92.43
physical,2025,7,27,1751500800000,121.95
physical,2025,7,27,1751673600000,238.13
physical,2025,7,27,1751760000000,65.04
physical,2025,7,28,1751846400000,322.42
physical,2025,7,28,1751932800000,168.04
physical,2025,7,28,1752019200000,178.36
physical,2025,7,28,1752192000000,122.07
physical,2025,7,28,1752278400000,43.26
physical,2025,7,28,1752364800000,65.52
physical,2025,7,29,1752451200000,321.76
physical,2025,7,29,1752537600000,75.04
physical,2025,7,29,1752624000000,98.65
physical,2025,7,29,1752710400000,117.28
physical,2025,7,29,1752796800000,87.98
physical,2025,7,29,1752883200000,101.81
physical,2025,7,29,1752969600000,51.03
physical,2025,7,30,1753056000000,294.64
physical,2025,7,30,1753142400000,313.53
physical,2025,7,30,1753228800000,194.7
physical,2025,7,30,1753315200000,18.51
physical,2025,7,30,1753401600000,93.6
physical,2025,7,30,1753488000000,147.86
physical,2025,7,30,1753574400000,63.66
physical,2025,7,31,1753660800000,53.83
physical,2025,7,31,1753747200000,210.14
physical,2025,7,31,1753833600000,215.09
physical,2025,7,31,1753920000000,158.39
physical,2025,8,31,1754006400000,85.66
physical,2025,8,31,1754092800000,218.4
physical,2025,8,32,1754265600000,153.93
physical,2025,8,32,1754352000000,51.6
physical,2025,8,32,1754438400000,113.04
physical,2025,8,32,1754524800000,21.41
physical,2025,8,32,1754611200000,64.66
physical,2025,8,32,1754697600000,123.9
physical,2025,8,32,1754784000000,47.65
physical,2025,8,33,1754870400000,88.99
physical,2025,8,33,1754956800000,268.86
physical,2025,8,33,1755043200000,122.14
physical,2025,8,33,1755216000000,153.22
physical,2025,8,33,1755302400000,99.72
physical,2025,8,33,1755388800000,168.95
physical,2025,8,34,1755475200000,95.81
physical,2025,8,34,1755561600000,39.39
physical,2025,8,34,1755734400000,207.92
physical,2025,8,34,1755820800000,55.02
physical,2025,8,34,1755907200000,61.73
physical,2025,8,34,1755993600000,132.99
physical,2025,8,35,1756080000000,200.85
physical,2025,8,35,1756166400000,206.43
physical,2025,8,35,1756252800000,15.41
physical,2025,8,35,1756339200000,43.74
physical,2025,8,35,1756425600000,373.5
physical,2025,8,35,1756512000000,401.73
physical,2025,8,35,1756598400000,74.74
physical,2025,9,36,1756684800000,339.02
physical,2025,9,36,1756771200000,11.92
physical,2025,9,36,1756857600000,217.05
physical,2025,9,36,1756944000000,205.19
physical,2025,9,36,1757030400000,127.4
physical,2025,9,36,1757116800000,194.48
physical,2025,9,36,1757203200000,126.03
physical,2025,9,37,1757289600000,176.72
physical,2025,9,37,1757376000000,105.24
physical,2025,9,37,1757462400000,155.2
physical,2025,9,37,1757548800000,156.3
physical,2025,9,37,1757635200000,45.96
physical,2025,9,37,1757721600000,123.93
physical,2025,9,38,1757894400000,45.15
physical,2025,9,38,1758067200000,243.89
physical,2025,9,38,1758153600000,42.25
physical,2025,9,38,1758240000000,130.17
physical,2025,9,38,1758326400000,193.41
physical,2025,9,38,1758412800000,70.88
physical,2025,9,39,1758499200000,71.07
physical,2025,9,39,1758585600000,501.21
physical,2025,9,39,1758672000000,141.72
physical,2025,9,39,1758758400000,49.23
physical,2025,9,39,1758844800000,55.22
physical,2025,9,39,1758931200000,218.45
physical,2025,9,39,1759017600000,169.62
physical,2025,9,40,1759104000000,135.18
physical,2025,9,40,1759190400000,144.16
physical,2025,10,40,1759276800000,134.38
physical,2025,10,40,1759536000000,130.86
physical,2025,10,40,1759622400000,147.78
physical,2025,10,41,1759708800000,146.16
physical,2025,10,41,1759795200000,101.37
physical,2025,10,41,1759881600000,89.18
physical,2025,10,41,1759968000000,88.03
physical,2025,10,41,1760054400000,322.41
physical,2025,10,42,1760313600000,119.35
physical,2025,10,42,1760400000000,83.26
physical,2025,10,42,1760486400000,266.52
physical,2025,10,42,1760572800000,145.86
physical,2025,10,42,1760659200000,58.56
physical,2025,10,42,1760745600000,175.77
physical,2025,10,42,1760832000000,214.37
physical,2025,10,43,1760918400000,81.26
physical,2025,10,43,1761004800000,236.9
physical,2025,10,43,1761091200000,135.4
physical,2025,10,43,1761177600000,54.18
physical,2025,10,43,1761264000000,115.89
physical,2025,10,43,1761350400000,138.42
physical,2025,10,43,1761436800000,29.53
physical,2025,10,44,1761523200000,80.58
physical,2025,10,44,1761609600000,43.2
physical,2025,10,44,1761696000000,144.24
physical,2025,10,44,1761782400000,88.24
physical,2025,10,44,1761868800000,147.27
physical,2025,11,44,1761955200000,60.79
physical,2025,11,44,1762041600000,110.72
physical,2025,11,45,1762128000000,251.75
physical,2025,11,45,1762214400000,153.46
physical,2025,11,45,1762300800000,86.4
physical,2025,11,45,1762387200000,116.49
physical,2025,11,45,1762473600000,119.88
physical,2025,11,45,1762560000000,15.47
physical,2025,11,45,1762646400000,134.38
physical,2025,11,46,1762732800000,128.25
physical,2025,11,46,1762905600000,47.08
physical,2025,11,46,1762992000000,115.83
physical,2025,11,46,1763078400000,186.96
physical,2025,11,46,1763164800000,37.08
physical,2025,11,47,1763337600000,168.73
physical,2025,11,47,1763424000000,222.29
physical,2025,11,47,1763510400000,230.47
physical,2025,11,47,1763596800000,365.46
physical,2025,11,47,1763683200000,268.87
physical,2025,11,47,1763769600000,211.39
physical,2025,11,47,1763856000000,90.6
physical,2025,11,48,1764028800000,68.76
physical,2025,11,48,1764201600000,263.99
physical,2025,11,48,1764288000000,130.17
physical,2025,11,48,1764460800000,20.06
physical,2025,12,1,1767139200000,78.78
physical,2025,12,49,1764547200000,172.61
physical,2025,12,49,1764633600000,370.06
physical,2025,12,49,1764720000000,414.88
physical,2025,12,49,1764806400000,130.61
physical,2025,12,49,1764892800000,330.2
physical,2025,12,50,1765152000000,109.07
physical,2025,12,50,1765238400000,183.55
physical,2025,12,50,1765324800000,207.18
physical,2025,12,50,1765411200000,97.08
physical,2025,12,50,1765497600000,76.85
physical,2025,12,50,1765584000000,218.95
physical,2025,12,50,1765670400000,76.78
physical,2025,12,51,1765756800000,126.9
physical,2025,12,51,1765843200000,130.04
physical,2025,12,51,1765929600000,64.3
physical,2025,12,51,1766016000000,44.58
physical,2025,12,51,1766102400000,192.66
physical,2025,12,51,1766188800000,87.83
physical,2025,12,51,1766275200000,155.3
physical,2025,12,52,1766361600000,203.15
physical,2025,12,52,1766448000000,169.58
physical,2025,12,52,1766534400000,75.93
physical,2025,12,52,1766620800000,400.4
physical,2025,12,52,1766707200000,283.23
physical,2025,12,52,1766793600000,202.14
physical,2025,12,52,1766880000000,112.13
